# How the Russian Literal Open Bible renders each Strong's number,
# words folded to their dictionary form.
# Source: Door43 ru_gl/ru_rlob, aligned. CC BY-SA 4.0.
# This file is licensed CC BY-SA 4.0.
# Built by tools/build_renderings.py. Do not edit by hand.
G2	Аарон
G5	Авва
G6	Авель
G7	Авий
G8	Авиафаре
G9	Авилинеи
G11	Авраам
G12	бездна
G13	Агава
G14	делая добро | делать добро
G15	делать добро | делаете добро | делает добро
G18	добрый | добро
G19	доброта | добро
G20	радость | веселие
G21	обрадоваться | возрадоваться | порадоваться
G22	незамужний | безбрачный | неженатый
G23	рассердиться | сердиться | возмущаться
G25	любить | полюбить | любящий
G26	любовь
G27	любимый
G29	заставить
G31	ведать
G32	ангел | ангела
G34	стадо
G36	неблагородный
G37	освятить | освящаться
G38	освящение | святость
G40	Святой
G42	святыня | святость
G43	рука
G45	якорь
G46	новой не севшей
G47	чистота
G48	очиститься | очищение | освятить
G49	очищение
G50	понимать | знать | оставить
G52	незнание | неведение | невежество
G53	чистый
G55	искренно
G56	неведение
G57	Неизвестный
G58	площадь | торговые площади | рынок
G59	купить | покупать
G60	базарная площадь | судебное собрание
G61	ловля | улов
G62	неучёный
G63	поле
G64	поймать
G65	дикая маслина | дикий | маслина
G66	дикий | свирепый
G67	Агриппа
G68	поле | деревня | земля
G69	бодрствовать | бодрствуите
G71	привести | повелеть
G72	поведение
G73	борьба | борение | битва
G74	агония
G75	сражаться | стараться | соревноваться
G76	Адам
G77	безвозмездно
G78	Аддия
G79	сестра
G80	брат
G82	необозначенный | неясный
G83	ненадёжный
G84	неопределённость
G85	терзаться | переживать
G86	ад
G87	беспристрастный
G88	непрекращающийся | непрестанно
G89	непрестанно
G91	обижать
G92	правонарушение | преступление
G93	неправедный | неправедности | неправедность
G94	неправедный
G96	неразличающему | недостойный | выдерживающая проверка
G98	Адрамиттия
G99	Адриатическое море
G101	будет бессильным
G102	невозможно | невозможный | владеть
G103	воспевать | поить
G104	всегда
G105	стервятник
G106	пресные хлеба | опреснок | пресный хлеб
G108	Азот
G109	воздух
G110	бессмертие
G111	противозаконный
G112	Бог
G113	беззаконный
G114	отвергать | отвергнуть
G116	Афины
G117	афинянин
G118	соревноваться
G120	они | падали дух
G123	берег | песчанный берег
G124	египтянин
G125	Египет
G126	вечный
G127	почтительность
G128	эфиоп
G129	кровь
G132	Эней
G134	хвалить | славить | прославлять
G135	гадание
G136	хвала
G137	Еноне
G138	выбрать | избрать
G139	течение | ересь | движение
G141	еретичного
G142	взять
G143	они | могли понять
G144	разумение
G146	корыстный | склонная к постыдная нажива
G148	непристойная лексика
G150	постыдный | стыдно | неприличный
G151	непристойность
G152	позор | позорное поведение
G153	стыдиться | я | буду опозорен
G154	просить | попросить
G155	просьба | просить
G156	причина | вина | обвинение
G157	обвинение
G159	вина | преступление | основание
G160	внезапно | внезапный
G161	плен
G162	пленить
G163	пленять | будут уведены в плен
G164	пленный
G165	век | вечно
G166	вечный
G167	нечистота
G169	нечистый
G170	имели возможность
G171	вовремя
G172	невинный
G173	колючка | терновник
G174	терновый
G175	бесплодный | плод | бесполезный
G176	безукоризненный
G177	непокрытый
G178	суд
G180	неугомонный
G181	беспорядок | неустроенность
G182	непостоянный | необузданный
G184	Хакелдама
G185	простой | чистый
G189	слух | слышать | слышание
G190	следовать | последовать | идти
G191	услышать | слышать | слушать
G192	невоздержание
G193	невоздержанный
G195	строгость
G196	строгий
G197	тщательный | точнее | более основательно
G199	точно | тщательно | внимательно
G200	саранча
G201	зал для заседаний
G202	слушатель
G203	необрезании | необрезанный | крайняя плоть
G204	краеугольный камень
G206	край | кончик
G207	Акил | Акилла
G208	устранять
G209	беспрепятственно
G210	добровольно
G211	алебастровый кувшин | алебастровый сосуд
G212	надменность | гордость
G213	хвастун | хвастливый
G214	рыдать | бряцать
G215	невыразимый
G216	немой
G217	соль
G218	помазать | мазать | масло
G219	пение петухов
G220	петух
G221	александриец
G222	александрия | александрийский
G223	Александр
G224	мука
G225	истина
G226	говоря истина
G227	истинно | истинный | настоящий
G228	истинный
G229	молоть
G230	истинно | действительно
G231	рыбак | ловец
G232	ловить рыба
G233	будет посолен
G234	осквернение
G235	но | а
G236	измениться | изменить | заменить
G237	друг месте
G240	друг друга | друг | себя
G241	чужак
G242	потечь | подпрыгивать | вскочить
G243	другой
G245	чужой | чужое | чужой голос
G246	иноплеменник
G247	иначе
G248	молотить | обмолачивающее зерно
G249	неразумный
G250	алоэ
G252	солёный
G253	менее обеспокоен
G254	цепь | окова | связать
G256	Алфеев | Алфей
G257	гумно
G258	лис | лиса
G259	поимка
G260	вместе | одновременно | разом
G261	невежда
G264	согрешить | грешить
G265	грех
G266	грех
G267	свидетельство
G268	грешник | грешный
G269	миролюбивый | задиристый
G270	пожать
G272	пренебрегать
G273	непорочно | неукоризненными | безукоризненный
G274	безукоризненно
G275	забота
G277	непоколебимый
G278	неизменный
G279	нераскаянный
G281	истина | аминь
G283	безупречный
G284	аминадава
G285	песок
G286	Ягнёнок
G287	должное
G288	виноград | виноградная лоза | лоза
G289	виноградарь
G290	виноградник
G291	Амплий
G292	заступиться
G294	одетый | одевать
G295	Амфиполь
G296	улица
G297	оба | каждый | двое
G298	безукоризненный
G299	непорочный | безупречный
G301	Амос
G302	бы
G303	по | с | мера
G304	ступень
G305	подняться | подниматься | прийти
G306	придержать
G308	взглянуть | прозреть | стал видеть
G309	прозрение
G311	промедление
G312	рассказать | сообщить | объяснить
G314	читать | прочитать | читаемый
G315	заставить | убеждать | сообщить
G316	нужный | близкий | нужно
G318	необходимость | нужда | нужно
G319	был узнан
G320	чтение
G321	отплыть | отправиться | принести
G322	назначить | показать
G323	явление
G324	принять
G325	вручить
G326	ожить
G327	стали искать | искать | разыскать
G329	разжигать огонь
G330	возобновить
G331	проклятие | проклятый | анафема
G332	поставить | проклятие | клясться
G333	осматривать
G334	приношение
G335	настойчивость
G336	убийство
G337	убить
G339	сесть | село
G341	обновляться
G342	обновление
G344	вернуться
G345	находящийся за стол | когда | возлежали за трапеза
G346	воедино сводятся | соединить
G347	возлечь | положить | посадить
G349	закричать | они
G350	исследовать | расследовать | допросить
G351	разбирательство
G352	выпрямиться | поднял голова
G353	взять | был вознесён | вознестись
G354	взятие
G355	уничтожить
G356	мера
G358	безвскусной
G359	уход
G360	вернуться | освободиться
G361	кто | грех
G362	ждать
G363	вспомнить | напомнить | напоминать
G364	воспоминание | память
G365	обновиться
G366	протрезветь
G367	Ананий
G368	неоспоримо
G369	возражение
G370	недостойный
G371	недостойно
G372	покой
G373	отдыхать | успокоить | отдохнуть
G374	убеждать
G375	послать | отослать | переправить
G376	калька
G377	возлечь | расположился за стол | располагайся за стол
G378	восполнить | стоящий | наполнять
G379	извинительный
G380	развернуть
G381	он | загореться | поджигать
G383	поднять | подстрекать
G384	встревожить
G385	вытащить | подняться
G386	воскресение
G387	нарушивший порядок | поднял бунт
G389	глубоко вздохнув
G390	вернуться | жить | вести
G391	поведение | образ жизни
G392	составлять
G393	взойти | восходить | подниматься
G394	изложить
G395	восход | восток
G396	перевернуть | разрушать | переворачивать
G397	вскармливать | вырастить | взрастить
G398	открыться | когда | показаться
G399	возводить | был поднят | положить
G400	воскликнуть
G402	уйти | он | отойти
G403	восстановление сил
G404	он | ободрять
G405	работорговец
G406	Андрей
G407	будьте мужественны
G408	Андроник
G409	убийца
G410	непорочный | неповинный | безукоризненный
G413	неисчерпаемый
G414	терпимый
G415	безжалостный
G416	ветер поднимаемый
G417	ветер
G418	Невозможно
G419	непостижимый
G420	терпеливый
G421	неисследимы | неисследимое
G422	безупречный
G423	безупречный
G424	подняться
G425	предоставить | послабление | успокоение
G426	допросить | пытать
G428	пригодный
G429	наслать | разыскать
G430	буду терпеть | я | принять
G431	племянник
G433	приличный | подобать | поступать должный образ
G434	жестокий
G435	муж | человек | мужчина
G436	противостоять | противостать | противиться
G437	она | славить
G438	цветок
G439	огонь
G440	уголь
G441	угождающие люди | человекоугодники
G442	человеческий | человечески
G443	убийца человека | человекоубийца
G444	человек | человеческий
G446	проконсул
G447	ослабнуть | развязать | прекратить
G448	немилостивый
G449	немытый
G450	встать | воскреснуть | подняться
G451	Анна
G452	Анне | Анна
G453	неразумный | безумный
G454	обезуметь | безумие
G455	открыть | открыться | открытый
G456	воссоздать
G457	открытие
G458	беззаконие
G459	закон | беззаконник | беззаконный
G460	закон
G461	выпрямиться | исправить
G462	бесчестный
G463	сдержанность
G465	выкуп
G466	восполнять
G467	воздать | воздаться | чтобы
G468	воздаяние | возмездие
G469	награда
G470	ответить | перечить
G472	будет предан | поддерживать | держаться
G473	за | вместо | поэтому
G474	говорить
G475	противник
G476	соперник | обидчик
G477	противоречие
G479	позвали в ответ
G480	противостоящий | возражать | враждовать
G482	помочь | поддерживать | оказывать
G483	противоречить | отвергать | враг
G484	оказание помощи
G485	восстание
G487	выкуп
G488	будет отмеряно
G489	возмездие
G490	Антиохия
G491	антиохийца
G492	пройти
G494	Антипатриду
G495	напротив
G496	противиться
G497	ведущая война
G498	противиться | когда | он
G500	антихрист
G501	зачерпнуть | черпать | набрать
G502	даже | нечего
G503	сопротивляться
G504	безводный
G505	нелицемерный
G506	непокорный | непокорность
G507	вышний | край | небо
G508	верхняя комната
G509	свыше | сверху | начало
G510	горный
G511	высоко
G512	бесполезный
G513	топор
G514	достойный | достойно | недостойный
G515	я | посчитал достойным | считал правильным
G516	достойно | достоино
G517	невидимый
G518	сообщить | рассказать | доложить
G520	повелеть | вести | привести
G521	невежественный
G522	будет забран | будет отнят
G523	требуй обратно | забирать
G524	став бесчувственными
G525	освободиться | покидать
G526	отчудить | отстранить
G527	мягкий
G528	встретиться | шли навстречу
G529	навстречу | встреча
G530	раз | однажды и навсегда | уже
G533	отвергнуть | отречься | пусть
G535	завершение
G536	первый плод | начаток | первый
G537	всё | весь
G538	обманывать | пусть | обманут был
G539	обман | соблазн | страсть
G543	непослушание | непокорность
G544	непокорный | веровать | неповерившие
G545	непокорный | непокорность | непослушный
G546	пригрозить
G547	угроза
G548	отсутствовать | явиться | я
G549	послать
G551	искушать
G553	ожидать | мы | нетерпение ожидаем
G554	обезоружить | снять
G555	снятие
G556	прогнать
G557	презрение
G558	свободный
G559	Апеллеса
G560	ожидая ничего
G561	перед | наперекор
G562	бесконечный
G563	отвлечение
G564	необрезанный
G565	пойти | уйти
G568	отдалить | быть | отказаться
G569	поверить | верить | неверующий
G570	неверие | неверность
G571	неверующий
G572	простота | искренность
G573	здоровый
G574	щедро
G575	от | из | с
G576	выйти | стать | привести
G577	сбросить
G579	отвергаться
G580	потеря | отвержение
G582	перепись
G583	сделать перепись | записываться | записаться
G584	отметить | доказать | выставить
G585	проявление
G586	даёте десятина | даю десятина
G587	приятно
G588	принять | быть | признавать
G589	уехал далеко | отправиться | уехать
G590	отправляющееся в путешествие
G591	отдавать | отдать | воздавать
G592	производящее разделение
G593	отвергнуть | быть отвергнутым | быть отверженным
G594	принятие
G595	оставление
G596	амбар | хранилище
G597	накапливать
G598	толкать
G599	умереть | умирать
G600	была исцелена | исцелиться | подгатавливает
G601	открыть | открыться | открываться
G602	откровение | раскрытие | явление
G603	страстное ожидание | твёрдое ожидание
G604	примирить
G605	восстановление
G606	хранить | приготовить | приготовляться
G607	обезглавить
G608	закрыть
G609	отруби | отрубить | отсечь
G611	ответить | отвечать
G612	ответ | какой | ответить
G613	сокрытый | скрыть | скрытый
G614	скрытый | сокрытый
G615	убить | убивать
G616	рождать | родить
G617	отвальный | отвалить
G618	получить | получать | отвести
G619	наслаждение
G620	оставить
G622	погубить | погибнуть | пропасть
G624	Аполлоний
G625	Аполлос | Аполлосовым | Аполлосов
G626	защищать | защищаться | отвечать
G627	защита
G628	смыть | отмыться
G629	искупление
G630	отпустить | освободить | отпускать
G631	стряхивать
G634	упасть
G635	обмануть | уклониться
G636	отплыть
G638	заглушить | потонуть
G639	сомневаться | были в растерянность | понимать
G640	недоумение
G641	прыгать
G642	разлучиться
G644	тень
G645	отойти | увлечь | оторваться
G646	отступление
G647	развод
G648	разобрать
G649	послать | посылать
G650	обманывать | вы | терпеть лишение
G651	апостольство
G652	апостол
G653	добиваться | ответ
G654	отвернуть | отвернуться | совращать
G655	отвращаться
G656	синагога | отлучённая от синагога
G657	проститься | отпустить | отвергнуть
G658	совершать | вырасти
G659	отложить | положить | отставить
G660	отряхнуть | стряхнуть
G661	заплатить
G662	дерзать
G663	строгость
G664	строго
G665	удаляться
G666	отсутствие
G667	повелеть | быть | отнести
G668	избежать | спасаться
G669	провозгласить | объявить | заявлять
G670	выгружать
G671	употребление
G672	отходить | отделиться
G673	разлучиться
G674	будут падать в обморок
G675	Аппиевой
G676	недосягаемый
G677	непреткновенную | не | преткновение
G679	падение
G681	коснуться | прикоснуться | прикасаться
G682	Апфия
G683	отвергнуть | оттолкнуть | отвергать
G684	погибель | гибель
G685	проклятие
G686	образ | итак | тогда
G687	разве | ли
G690	аравитянин
G691	бездействовать
G692	праздный | ленивый | бесполезный
G693	серебряный
G694	серебро | деньга | серебро денег
G695	серебряные дела мастер
G696	серебро
G698	ареопагит
G699	угождение
G700	угождать | угодить
G701	угодный | что | годиться
G703	добродетель
G704	ягнёнок
G705	посчитать
G706	число | быть | большое число
G707	Аримафеи
G708	Аристарх
G709	пообедать | есть | обедать
G710	левая сторона
G711	Аристовула
G712	обед
G714	довольствоваться | достаточно будет | быть
G716	колесница
G720	отречься | отрицать | отвергать
G721	ягнёнок
G722	пахать
G723	плуг
G724	жадность
G725	грабёж
G726	похитить | взять | похищать
G727	грабитель
G728	залог
G729	сшить
G730	мужчина | младенец мужской пола
G732	больной
G733	гомосексуалист
G734	Артема
G735	Артемида
G736	передний парус
G737	сейчас | теперь | время
G739	совершенный
G740	хлеб
G741	приправить
G742	Арфаксада
G743	архангел
G744	древний | первый | давний
G746	начало | начальство
G747	Основатель | Начальник
G748	первосвященник
G749	первосвященник
G751	Архиппу | Архип
G752	начальник синагоги | начальники синагоги | глава синагоги
G753	архитектор
G754	начальник сборщиков налогов
G755	распорядитель | распорядитель пира
G757	начать | начинать
G758	начальник | правитель
G759	ароматная смесь | аромат | ароматные масла
G761	неподвижный
G762	неугасимый
G763	нечестие | нечестивый
G764	нечестиво совершили
G765	нечестивый | нечестивец
G766	разврат | распутство | распущенность
G767	небезызвестный
G768	Асир
G769	болезнь | слабость | немощь
G770	больной | слабый | ослабевать
G771	слабость
G772	слабый | больной | немощный
G773	Асий
G774	асийцы
G775	начальники асии
G776	еда
G777	голодный
G778	я | стараться
G779	бурдюк
G780	радушно
G781	немудрый
G782	приветствовать
G783	приветствие
G784	незапятнанный | неосквернённый
G785	змея
G786	непримиримый
G787	за | ассария
G788	поблизости
G789	Асс
G790	имеем где остановиться
G791	прекрасный
G792	звезда
G793	неутверждённый | нестойкий
G794	бессердечный
G795	отклониться
G796	молния | сияние
G797	сверкать
G798	звезда
G799	Асинкрита
G800	несогласный
G801	неразумный | непонимающий | безрассудный
G802	вероломный
G803	достоверность | надёжность | безопасность
G804	достоверно | достоверный | утверждение
G805	забить
G806	охрана | твёрдо | надёжно
G807	поступает непристойно
G808	постыдный
G809	неприглядный
G810	распутство
G811	расточительно
G812	мы | бесчинствовать
G813	бесчинный
G814	своевольный | бесчинно
G815	бездетный
G816	посмотрев пристально
G817	без
G818	бесчестить | унизить | снести унижение
G819	бесславие | недостойный | бесчестие
G820	честь | бесславный
G822	клуб | пара
G823	миг
G824	плохой | необычный | непорядочный
G825	Атталию
G827	рассвет
G828	Август
G829	дерзкий | своевольный
G831	проявлять власть
G832	играть | флейта | играется на свирель
G833	двор
G835	ночевать
G836	свирель
G837	расти | вырасти | возрастать
G838	рост
G839	завтра | следующий день
G840	строгий
G841	удовлетворённость
G842	довольный
G843	самоосуждён
G845	очевидец
G846	он | они | свой
G847	здесь | они | там
G849	собственноручно
G850	тёмный
G851	отсечь | снять | будет отобрана
G853	исчезнуть | исчезать
G855	невидимый
G856	туалет
G857	изнурение
G858	простота
G859	прощение | отпущение
G860	связь | связка
G861	нетление | бессмертие
G862	нетленный | бессмертный
G863	оставить | простить
G864	достигнуть
G865	нелюбящими добро
G866	любящие деньги
G867	отъезд
G868	отойти | отступить | отходить
G869	внезапно | вдруг
G870	бесстрашно | безмятежность | страх
G872	узнавать
G873	отделить | отлучить | отделённый
G874	повод
G875	пускает пена | пуская пена
G876	пена
G877	глупость
G878	безумец | неразумный | глупый
G879	заснуть
G880	молчаливый | немой | значение
G882	Ахайи | Ахаию | Ахаия
G883	Ахаика
G884	неблагодарный
G886	нерукотворный | нерукотворённый
G887	мрак
G888	бесполезный
G889	стали негодны
G890	бесполезный
G891	до | пока | вплоть
G892	солома
G893	лгать
G895	неодушевлённые вещи
G896	Ваалом
G897	Вавилон
G898	положение
G899	глубина | глубокий
G900	рыла глубоко
G901	глубокий | сам
G902	ветвь | пальма
G903	Валаам
G905	кошелёк
G906	бросить | бросать | вложить
G907	крестить | креститься
G908	крещение | омовение
G909	омовение | крещение
G910	Креститель | Омывать
G911	обмакнуть | смочить
G912	Варавву | Варрава | Варраву
G915	иностранец | чужеземец | варвар
G916	отяготить | отяжелеть | обременять
G917	труд
G918	Варфоломей
G919	Бар иисус
G921	Варнава | Варнаву | Варнавой
G922	бремя | отягощение
G923	Варсавою | Варсавой
G924	Вартимей
G926	лютый | тяжкий | обременительный
G928	мучить | измучиться | мучиться
G931	мучение
G932	Царство
G934	дворы царские
G935	царь
G936	царствовать | чтобы
G937	царский | царский советник
G938	царица
G939	ступня
G941	нести | несущий
G942	терновый куст | терновник
G943	бат
G946	мерзость
G947	мерзкий
G948	имея отвращение
G949	твёрдый
G950	утвердить | подкреплять | утвердиться
G951	утверждение
G952	негодный
G953	осквернить
G954	Веельзевулом | Веельзевула
G955	Админ
G956	стрела
G957	хороший
G958	Вениамин
G959	Вереника
G960	Верию | Верии
G961	вериянин
G963	Вифании | Вифанию | Вифания
G964	Вифезда
G965	Вифлеем
G966	Вифсаида | Вифсаиды | Вифсаиде
G967	Виффагии
G968	судилище | судейское место | судья
G970	сила | принуждение | натиск
G971	сила прорывается
G972	сильный
G975	свиток | книга | документ
G976	книга
G977	поесть
G978	Вифинию
G979	средство | жизнь | жить
G981	жизнь
G982	житейский | житейское дело | житейские дела
G983	губительный
G984	повредить
G985	прорастать | произрастить
G986	Власта
G987	оскорблять | богохульствовать | ругать
G988	богохульство | оскорбление | ругательство
G989	ругательный | оскорбитель | злоязычный
G990	видеть
G991	видеть | смотреть
G992	нужно наливать
G993	Боанергес
G994	призывать | закричать | кричать
G995	крик
G996	пособие
G997	помочь
G999	яма
G1000	бросок
G1001	измерив глубина | измерить
G1003	Вооза
G1004	грязь
G1005	север
G1006	пасти | пастись | пастух
G1007	Восорова
G1010	член совета
G1011	приняли решение | посоветоваться | решить
G1012	воля | совет | намерение
G1013	план | воля
G1014	хотеть | желать
G1015	холм
G1016	вол | быков | бык
G1017	награда
G1018	править
G1019	замедлить | замедлять
G1020	плывя медленно
G1021	неторопливый | медленный
G1022	медлительность
G1023	рука
G1024	немного | хоть | короткое время
G1025	младенец | детство
G1026	было дождь | обливать | облить
G1027	гром
G1029	петля
G1030	скрежет
G1031	скрежетать
G1032	изливать
G1033	пища | еда
G1034	еда
G1035	пища | вкушании | еда
G1036	начали тонуть | погружать
G1038	кожевник | кожевенник
G1040	виссон
G1041	жертвенник
G1042	Гаввафа
G1043	Гавриил
G1044	гангрена
G1047	казна
G1048	Газа
G1049	сокровищница
G1050	Гаия | Гаий | Гаию
G1051	молоко
G1053	Галатии | Галатию
G1054	Галатию
G1055	тишина
G1056	Галилея | Галиля | Галилейский
G1057	галилеянин | галилея
G1058	Галлион
G1059	Гамалиил | Гамалиила
G1060	жениться | выйти замуж
G1061	выходить замуж | выходили замуж | выходят замуж
G1062	свадьба
G1063	потому | ведь
G1064	чрево | забеременеть | утроба
G1065	иначе | же | то
G1067	Геенна
G1068	Гефсимания
G1069	сосед | соседка | тогда соседи
G1070	будете смеяться | смеяться
G1071	смех
G1072	наполнить | наполняться | наполниться
G1073	наполнить
G1074	поколение
G1076	родословие
G1077	повод дня рождения
G1078	рождение | существование
G1079	рождение
G1080	родить | родиться
G1081	плод | потомство
G1082	Геннисарет | Геннисаретского
G1084	родить
G1085	род | родиться | разный
G1087	совет старейшин
G1088	уже стар
G1089	есть | узнают вкус | вкусить
G1091	пашня
G1092	земледелец | работник
G1093	земля
G1094	старость
G1095	состариться | господь наш идёт
G1096	быть | стать
G1097	знать | узнать | познать
G1098	сладкое вина
G1099	сладкое | сладкий
G1100	язык
G1101	ящик
G1102	белильщик
G1103	настоящий | истинный
G1104	искренне
G1106	совет | мысль | намерение
G1107	сообщить | открыть | сделать известным
G1108	знание | познание
G1109	знаток
G1110	известно | знак | известный
G1111	возмущаться | роптать | ворчать
G1112	спор | недовольство | возмущение
G1113	ворчун
G1114	мошенник
G1115	Голгофа
G1116	Гоморрой | Гоморру | Гоморра
G1117	груз
G1118	родитель
G1119	колено
G1120	упав на колена
G1121	писание | буква | расписка
G1122	книжник
G1123	написать
G1124	Писание
G1125	написать | писать
G1126	старушечий
G1127	бодрствовать
G1128	упражнять | приучить
G1129	упражнение
G1130	скудно одеты
G1131	голый | голое тело | раздетый
G1132	нагота
G1133	слабые женщины
G1135	жена | женщина
G1137	угол
G1138	Давид
G1139	бесноватый | одержимый | бесноваться
G1140	демон
G1141	бесовский
G1144	слеза
G1145	заплакать
G1146	перстень
G1147	палец | перст | из
G1148	Далмануфы
G1149	Далматию
G1150	приручить | усмирить | приручаться
G1152	Дамарь
G1154	Дамаск
G1155	взаймы даёте | дают взаймы | давайте взаймы
G1157	заимодавец
G1159	истатившая | когда | растратить
G1160	стоимость
G1161	же | а | и
G1162	молитва | прошение
G1163	должно было | надо было | надо
G1164	пример
G1165	выставить
G1166	показать
G1167	боязнь
G1168	бояться
G1169	трусливый
G1171	яростно
G1172	поужинать | ужин | вкушания вечеря
G1173	ужин | вечеря
G1174	особенно внимательны к боги
G1175	богопочитание
G1176	десять
G1178	пятнадцать
G1179	Десятиградии | Десятиградия
G1182	десять
G1184	приятный | благоприятный | принять
G1185	соблазнять | заманивать | завлекать
G1186	дерево
G1187	лучник
G1188	справа | правая сторона | правый
G1190	дервянин
G1191	Дервию | Дервии
G1193	кожаный
G1194	избить | бить | избивать
G1195	был связан | собравшихся вместе | связывать
G1198	узник | заключить
G1199	окова | цепь | уза
G1200	тюремщик
G1201	тюрьма
G1202	заключить
G1203	Господин | Владыка | Хозяин
G1204	идти | здесь | приходить
G1205	Идти | Пойти | Подходить
G1206	второй день
G1208	второй | вторые разы | второе
G1209	принять | принимать | взять
G1210	должный | нужно | связать
G1211	Теперь | Я | Давать
G1212	ясно
G1213	стало известно | явить | сообщить
G1214	Димас
G1215	держать | речь
G1216	Димитрий
G1218	народ | толпа
G1219	всенародно | общественный | публичный
G1220	динарий | динария | на
G1223	через
G1224	перейти | переправиться
G1225	пожаловаться
G1226	настаивать | чтобы | утверждать
G1227	увидел ясно | разглядеть
G1228	дьявол | клеветница
G1229	распространяй весть | объявлять | было возвещено
G1230	прошествие | когда | пройти
G1231	рассмотреть
G1233	рассмотрение
G1234	ворчать
G1235	проснуться
G1236	вели | жить
G1237	получив по преемство
G1239	раздать | разделить | распределяться
G1240	преемник
G1241	подпоясаться | подпоясать
G1242	завет
G1243	различный
G1244	разделить | разделять
G1246	он | опровергать
G1247	служить | послужить | обслуживать
G1248	служение
G1249	служитель | слуга | дьякон
G1250	двести
G1251	выслушать
G1252	сомневаться | засомневаться | рассуждать
G1253	спор | различение
G1255	передавать | обсуждать
G1256	беседовать | рассуждать | разговаривать
G1257	переставать
G1258	язык | наречие
G1260	рассуждать | размышлять | обсуждать
G1261	помышление | помысел | спор
G1262	рассеяться
G1263	свидетельствовать | призывать
G1264	решительно возражали
G1265	оставаться | остаться
G1266	разделиться | разделить | разделять
G1267	разделение
G1268	оно | распространиться
G1269	объясняться | знак
G1270	мысль
G1271	разум | помышление | мысль
G1272	открыться | открыть | раскрывать
G1273	провёл вся ночь
G1274	завершить
G1276	переправиться | переходить | идти
G1277	переплыть
G1278	негодовать | вознегодовать
G1279	проходить | идти
G1280	недоумевать
G1281	приобрести
G1282	были в бешенство | разрываться
G1283	разграбить
G1284	разорвать | прорываться | разрывать
G1286	притеснять
G1287	разбежаться | разбросать | растратить
G1288	были разорваны | растерзать
G1289	рассеяться
G1290	рассеяние
G1291	приказать | запретить | запрещать
G1292	спустя
G1293	различие | разница | раздельный
G1294	развратить | совращать | отвернуть
G1295	спастись | спасти | сохранность привезти
G1296	установление
G1298	очень смутилась
G1299	приказать | постановить | дать
G1300	оставаться
G1301	сохранять | оберегать
G1303	завещать | заключить
G1304	пробыть | жить | там проводил время
G1305	пропитание
G1306	взойти
G1308	проносить | дорогой | ценный
G1309	убежать
G1310	распространять
G1311	уничтожать | испортить
G1312	тление
G1313	различный
G1314	сохранить
G1315	умертвить | расправиться
G1316	удаляться
G1317	способным учить
G1318	изучить | научить
G1319	учение
G1320	Учитель
G1321	учить | научить
G1322	учение
G1324	Близнец
G1325	дать | давать
G1326	пробуждать | проснуться | разбудить
G1328	истолкователь
G1329	истолковывать | объяснять | перевод
G1330	пройти | проходить
G1331	расспросить
G1333	двух годы | два | год
G1334	рассказать | рассказывать | может объяснить
G1335	повествование
G1337	разделяющее море
G1339	пройти | отделиться
G1340	утверждать | настаивать
G1341	праведный суд
G1342	праведный | праведник
G1343	праведность
G1344	оправдать | оправдаться | оправдываться
G1345	оправдание | постановление | праведный
G1346	праведно | справедливо
G1347	оправдание
G1348	судья
G1349	наказание | справедливость
G1350	сеть
G1351	непритворный
G1352	поэтому | потому
G1353	проходить | пройти | через
G1354	Дионисий
G1355	поэтому
G1356	Небесный камень
G1358	сделали подкоп
G1359	Диоскуров
G1360	потому | поэтому
G1361	Диотреф
G1362	двойной
G1364	дважды | два
G1367	двух тысячи
G1370	разделение
G1371	рассечь | надвое
G1372	будет жаждать | жаждать | захочет пить
G1374	двоедушный
G1375	гонение | преследование
G1376	гонитель
G1377	преследовать | гнать | стремиться
G1378	указ | постановление | повеление
G1379	повинуетесь требования
G1380	думать
G1381	испытывать | проверить | испытать
G1382	опытность | верность
G1383	проверка
G1384	испытанный | одобрять | надёжный
G1385	бревно
G1387	обманывать
G1388	обман | хитрость | притворство
G1390	дар | подарок
G1391	слава
G1392	прославить | прославлять | славить
G1393	серный | тавифа
G1394	даяние | дар
G1396	порабощать
G1397	рабство
G1398	служить | служащий
G1399	раб | рабыня
G1400	раб
G1401	раб | слуга
G1402	поработить | будут держать в рабство | стали рабы
G1403	приём | званый обед
G1405	Улавливать
G1406	драхма
G1407	серп
G1408	поприще | забег
G1409	Друзиллой
G1410	мочь | смочь
G1411	сила | чудо
G1412	укреплять
G1413	правитель | высокопоставленный чиновник | повелитель
G1414	сильный
G1415	сильный | возможно | сила
G1416	село | захождение
G1417	два | двое
G1419	неудобно носить
G1420	дизентерия
G1422	трудно
G1423	трудно
G1424	запад
G1425	трудное для понимание
G1427	двенадцать
G1429	двенадцать колена
G1430	крыша
G1431	дар
G1432	даром | напрасно
G1433	даровать | отдать
G1434	дар | подарок
G1435	дар
G1436	эй
G1437	если
G1438	себя | свой
G1439	позволить | разрешать | оставить
G1440	семьдесят
G1442	седьмой
G1443	Евера
G1445	еврей
G1446	еврейский
G1447	еврейски
G1448	приблизиться | приближаться
G1449	записать
G1451	близко | приближаться | недалеко
G1452	близкий
G1453	воскресить | встать | воскреснуть
G1455	доносчик
G1456	праздник обновления
G1458	обвинять | жаловаться | быть обвинёнными
G1459	оставить | ты | он
G1460	живить
G1461	привить | был привит | будут привиты
G1462	обвинение
G1464	препятствие
G1465	утруждать | препятствовать | помешать
G1466	самообладание
G1467	могут сдерживаться | воздерживаться
G1468	владеть
G1470	положить
G1471	беременный
G1473	я | мы | мой
G1474	сравняют с земля
G1475	земля
G1476	твёрдый | твёрдо
G1477	основание
G1479	самовольное служение
G1480	обряд
G1482	язычник
G1484	язычник | народ
G1485	обычай | обычно | обряд
G1486	обычно | обычай | привычка
G1487	если | ли
G1491	вид | лицо | проявление
G1492	знать
G1493	идольский храм
G1494	идоложертвенного | идоложертвенное | идоложертвенном
G1495	служение идолам | идолопоклонство
G1496	идолопоклонник | идолослужителем
G1497	идол
G1500	напрасно | причина
G1501	двадцать | двадцати человек
G1503	похожий | подобный
G1504	образ | изображение
G1505	чистота
G1506	чистый
G1510	быть | есть
G1514	храните мир | будьте в мир | живите в мир
G1515	мир
G1516	миролюбивый
G1517	установив мир
G1519	в | на | для
G1520	один
G1521	привести | ввести | внести
G1522	услышать | послушать
G1524	войти | на | прийти
G1525	войти
G1528	пригласить
G1529	самый | появление | приём
G1530	вбежал внутрь
G1531	войти | входящий | входить
G1532	побежала внутрь
G1533	внести | ввести | повести
G1534	потом | затем
G1535	ли | или
G1537	из | от | с
G1538	каждый
G1539	всегда
G1540	сто
G1541	ста годы
G1542	сотня раз больше | стократный
G1543	сотник
G1544	изгонять | выгнать | изгнать
G1545	выход
G1546	выбрасывать груз
G1549	внук
G1551	ждать | пока | ожидать
G1552	очевидный
G1554	отдать
G1555	рассказать | рассказывать
G1556	защитить | мстить
G1557	защита | отмщение | месть
G1558	отмститель | мститель
G1559	преследовать
G1560	предать
G1562	снять | раздеть
G1563	там | туда
G1564	оттуда
G1565	тот | он
G1566	там
G1567	была взыскана | взыскаться | взыскать
G1568	изумиться | ужасаться | ужаснуться
G1569	изумление
G1570	бросать
G1571	очистить
G1572	разжигаться
G1574	пронзить
G1575	отломиться
G1576	исключить
G1577	церковь
G1578	уклониться | уклоняться
G1579	выплыв
G1580	выносить
G1581	срубить | срубать | будешь отсечён
G1582	виснуть
G1583	проговориться
G1586	избрать | выбрать
G1587	закончиться | прекратиться | когда
G1588	избранный
G1589	избрание | избранный
G1590	ослабеть
G1591	вытереть | вытирать
G1592	насмехаться | издеваться
G1593	скрыться
G1594	протрезвиться
G1595	добровольно
G1597	давно | издавна
G1598	искушать | будем искушать
G1599	послать | отправить
G1600	простирать
G1601	упасть | чтобы | быть выброшенными
G1602	отплыть
G1603	исполнить
G1604	завершение
G1605	изумляться | удивляться | удивиться
G1606	испустил дух | выдохнуть
G1607	выходить | отправиться | приходить
G1608	развратничать
G1610	вырвись с корень | вырванный с корень
G1611	исступление | изумление | недоумение
G1612	развратиться
G1613	возмущать
G1614	протянуть | он | вы
G1615	закончить
G1616	усердно
G1617	ещё усерднее
G1619	усердно
G1620	когда | был брошен | стал рассказывать
G1621	отряхнуть | стряхнуть
G1622	только | вне | кроме
G1623	шестой | шесть
G1624	свернуть | отворачиваться | обратиться
G1625	питать | взращиваите
G1626	недоносок
G1627	вынести | вывести | принести
G1628	избежать | что | сбежать
G1630	напугать
G1631	пробиваться
G1632	излить | проливать | проливаться
G1633	выходить
G1634	испустил дух | испустила дух
G1635	добровольно
G1636	Елеонской | Елеонскую | Маслина
G1637	масло | оливковое масло
G1638	Елеонская | Елеонской | Масличный
G1639	эламит
G1640	плохой | младший | менее
G1642	становиться меньше
G1643	гребля | был гоним | проплыть
G1646	малый | малое | небольшой
G1647	малый
G1649	обличение
G1650	обличение
G1651	обличать | разоблачать | обличить
G1653	помиловать | миловать | был помилован
G1654	милостыня
G1656	милость | милосердие
G1657	свобода
G1658	свободный | свободныи
G1659	освободить | освободиться | сделать
G1660	приход
G1662	Елиакима
G1663	Елиезера
G1665	Елисавета
G1666	Елисей
G1668	гнойные раны
G1669	покрытые гнойные раны
G1670	привлечь | вытащить | достать
G1671	Елладу
G1672	грек | эллин
G1674	гречанка | из | греческий
G1675	грекоговорящих | грекоговорящими | грекоговорящим
G1676	гречески | греческий
G1677	засчитываться | считать
G1678	Елмодама
G1679	надеяться
G1680	надежда
G1681	Елима
G1682	Элои
G1683	Себя | Сам
G1684	войти
G1685	бросить
G1686	обмакивать
G1687	настаивать
G1688	посадить
G1689	посмотреть | видеть | присмотреться
G1690	предупредить | осуждать | то
G1693	неистовствовать
G1695	Эммаус
G1696	пребывать | прожить
G1697	Еммора
G1699	Мой
G1702	насмехаться | осмеять | будут издеваться
G1703	насмешник
G1705	насытиться | наполнить | пресытить
G1706	впасть | упасть | попасться
G1707	вовлекаться | запутаться
G1709	дышать
G1710	будем торговать | будут наживаться
G1712	торговля
G1715	перед | впереди | вперёд
G1716	плевать | будет оплёван
G1717	видимый | явленный
G1718	явиться | показать | объявить
G1719	испугаться | когда | быв испуган
G1720	дунуть
G1721	насаждать
G1722	в
G1723	обнять
G1724	морские животные
G1725	перед
G1726	перед
G1727	против | напротив | встречный
G1728	Начать
G1729	нуждаться
G1730	доказательство
G1731	показать | являть | показывать
G1732	показание | признак
G1733	одиннадцать
G1735	невозможно
G1737	одеть | надевать
G1738	праведный
G1740	прославить | было бы прославено
G1741	славный | прекрасный | славнои
G1742	одежда
G1743	укрепляться | укрепить | стал сильным
G1744	прокрадываться
G1746	одеться | надеть | одеть
G1747	западня
G1748	подстерегать
G1750	обернуть
G1752	ради | за | по
G1753	сила | действие | деиствием
G1754	действовать | совершать | производить
G1755	действие
G1756	действенный
G1757	будут благословлены
G1758	злиться | приставать
G1759	здесь | сюда
G1761	вымысел
G1762	нет | иметься
G1763	год
G1764	присутствовать | настоящий | настать
G1765	укреплять | укрепиться
G1766	девятый | час | девять
G1767	девять
G1769	онеметь
G1770	спрашивали знаки
G1772	законный | подзаконный
G1773	ночью
G1774	жить | пребывать | вселиться
G1775	единство
G1776	страдать
G1777	виновный | подлежать | подлежащий есть
G1778	заповедь
G1779	погребать
G1780	погребение
G1781	заповедать | приказать | повелевать
G1782	отсюда | сторона
G1783	ходатайство | молитва
G1784	дорога | почитать
G1785	заповедь
G1786	местный
G1787	внутри
G1788	постыдиться | стыдиться | они
G1789	питать
G1790	дрожать | трепет
G1791	стыд
G1792	наслаждаться
G1793	жаловаться | ходатайствовать
G1794	обернуть | свёрнутый
G1797	будут сниться | видящие сны
G1798	сон
G1799	перед
G1800	еноса
G1801	вслушаться
G1802	Енох
G1803	шесть
G1805	выкупать | правильно используя
G1806	вывести | выводить | повести
G1807	избавить | вызволить | освободить
G1808	извергнуть
G1809	просить
G1810	внезапно | вдруг
G1811	следовать | последовать | пойти
G1813	были стёрты | уничтожить
G1814	вскочить
G1815	воскресение
G1816	прорасти
G1817	восстановить | встать
G1818	пусть | обманывать | обмануть
G1819	вдруг
G1821	отослать | послать | отправить
G1822	закончиться | приготовить
G1823	сверкающий
G1824	немедленно | сразу
G1825	поставить | воскресить
G1826	разрешаться | можно | нельзя
G1828	увлекать
G1829	блевотина
G1831	выйти
G1833	спросить
G1834	изложить | рассказать | показать
G1835	шестьдесят | шестдясят
G1836	день | следующий день | следующий
G1837	зазвучать
G1839	изумляться | удивляться | изумиться
G1840	мочь
G1841	отход | уход
G1842	истребится
G1843	исповедовать | славить | согласиться
G1845	заклинатель
G1846	прокопать
G1847	будет унижен
G1848	унижать | унизить | пренебрегать
G1849	власть
G1850	имеет власть | властвовать | буду обладаем
G1851	знать
G1852	разбудить
G1853	пробудиться
G1854	вон | снаружи | из
G1855	извне | снаружи | внешний
G1856	изгнать | причалить
G1858	будем праздновать
G1859	праздник
G1860	обещание
G1861	обещать | предать | предаться
G1862	обещание
G1863	навести | навлечь
G1864	бороться
G1865	когда | собраться
G1866	Епенета
G1867	похвалить | хвалить | прославлять
G1868	похвала | одобрение
G1869	поднять | возвысить
G1870	постыдиться | стыдиться
G1871	попрошайничать | прося милостыня
G1872	следовать | сопровождать
G1874	слушать
G1875	когда
G1876	необходимо
G1877	отплыть
G1878	напоминать
G1879	снизойти | полагаться
G1880	вернуться
G1881	восстать
G1882	исправление
G1883	большой | над | на
G1884	оказывала помощь | пусть | помогать
G1885	провинция
G1886	двор
G1887	следующий день | день | следующий
G1889	Епафрас | Епафраса
G1890	пускающая пена
G1891	Епафродита
G1892	поднять | возбудить
G1893	иначе | бы
G1894	поскольку | когда | потому
G1896	посмотреть
G1899	затем | потом
G1900	далёкий
G1901	стремиться
G1903	одежда
G1904	сойти | надвигаться | напасть
G1905	спросить | спрашивать
G1907	замечать | внимательно смотрел | задержаться
G1908	оскорблять
G1909	на | к | в
G1910	прийти | подняться | восходить
G1911	наложить | набросить | положить
G1912	обременить | быть | тягость
G1913	посадить | усадить
G1914	взглянуть | посмотреть
G1915	заплатка | заплата
G1917	заговор | замысел | злой умысел
G1919	земной | наземный
G1920	подняться
G1921	узнать | узнавать
G1922	познание | знание
G1923	надпись
G1924	написать
G1925	показать | показывать | доказывать
G1926	принимать
G1927	прийти | проживать
G1929	подать | он | они
G1930	исправить
G1931	пусть | заходить
G1932	в | снисхождение
G1933	добродетель | сдержанный | тихий
G1934	искать | поискать | интересоваться
G1935	приговорённая к смерть
G1936	возложение
G1937	желать | очень хотел | захотеть
G1938	желать
G1939	желание | страсть | похоть
G1941	призывать | называть | призвать
G1943	покрыть
G1945	теснить | напирать | был привален
G1946	эпикурейский
G1947	помощь
G1948	решить
G1949	взять | схватить | поймать
G1950	забыть | забытый | забывать
G1951	который | называться | избрать
G1953	забывчивый
G1955	решение
G1956	объяснять | будет решено
G1958	забота
G1959	позаботиться | будет заботиться
G1960	тщательно
G1961	остаться | оставаться | продолжать
G1962	он | согласиться
G1963	замысел
G1965	нарушители клятвы
G1966	следующий | следующий день | день
G1967	насущный
G1968	напасть | сойти | бросаться
G1969	укорять
G1971	очень хочу | жажда | сильно хотел
G1973	желанный
G1974	стремление
G1975	прислать
G1976	пришивать
G1977	накинуть
G1978	значимый
G1979	пища
G1980	посетить | усмотреть | позаботиться
G1982	покрывать | покроет тень | покрыть
G1984	посещение | звание | епископство
G1985	епископ | надзиратель
G1986	вытягивать
G1987	знать | понимать
G1988	Наставник
G1989	написать
G1990	разумный
G1991	укреплять
G1992	письмо | послание
G1993	закрывать рот
G1994	обратиться | вернуться | возвращаться
G1995	обращение
G1996	собраться | собрать
G1997	собрание
G1998	сбегаться
G2000	опасный
G2001	настаивать
G2002	будут накапливать
G2003	повеление | приказ | указание
G2004	приказать | приказывать | повелевать
G2005	совершить | будет совершать
G2006	необходимый
G2007	возложить | возлагать | положить
G2008	запретить | запрещать
G2010	разрешить | позволить
G2011	поручение
G2012	управлять
G2013	достигнуть | получить
G2014	явиться | просветить | показываться
G2015	явление
G2016	славный
G2017	осветить
G2018	являть | произнести
G2019	кричать | восклицать
G2020	наступать
G2021	начать | покушаться | попытаться
G2022	поливать
G2023	поддерживать | предоставить | будет обеспечен
G2024	поддержка
G2025	помазать
G2026	строить | возвести | воздвигнуть
G2027	сел на мель
G2028	называться
G2030	очевидец
G2032	небесный | небо
G2033	семь | семеро
G2034	семь разы
G2035	семь тысячи
G2037	Ераст
G2038	работать | делать | трудиться
G2039	заработок | постараться | доход
G2040	работник | творить | дело
G2041	дело
G2042	провоцировать
G2043	увязнуть
G2045	исследовать | изучать
G2047	пустыня
G2048	пустыня | пустынный
G2049	опустошаться
G2050	запустение | опустошение
G2052	соперничество | самовольство
G2054	ссора | спор | раздор
G2056	козлёнок
G2057	Ермия
G2058	истолкование
G2059	означать | переводиться
G2060	Гермес | Ерма
G2061	Ермоген
G2062	пресмыкаться
G2063	Красный
G2064	прийти | приходить | прислать
G2065	просить | спросить | попросить
G2066	одежда | в
G2068	есть | поесть | кушать
G2069	Еслима
G2072	зеркало
G2073	вечер | вечереть
G2074	Есрома
G2078	последний
G2079	смерть | конец имеет | после
G2080	внутри | внутренний | внутренняя часть
G2081	изнутри
G2082	внутренний
G2084	язык
G2085	учить
G2087	другой
G2089	ещё
G2090	приготовить
G2091	готовность
G2092	готовый | приготовить
G2093	готовый
G2094	год
G2095	хорошо | хороший
G2096	Ева
G2097	благовествовать
G2098	евангелие | благовестия | благовестие
G2099	евангелист | благовестник
G2101	угодный | приятный | угождать
G2103	Еввул
G2104	знатный род | благородный
G2106	благоволить | желать | радость
G2107	благоволение | желание | доброе расположение
G2108	доброе дело | благодеяние
G2109	творя добро
G2110	благодетель
G2111	пригодный
G2112	тотчас | сразу
G2113	пришли прямым | пойдя прямой курс
G2114	ободриться | радоваться
G2115	приободриться
G2116	сделайте прямым | управлять
G2117	прямой | право
G2119	имели возможность | заполняли досуг | будет удобно
G2120	удобный случай
G2121	праздник
G2122	удобный случай | вовремя
G2123	лёгкий | более легким | удобный
G2126	благочестивый | благоговейный | богобоязненный
G2127	благословлять | благословить | благословенный
G2128	благословенный
G2129	благословение
G2130	щедрый
G2131	Евника
G2133	усердие
G2135	евнух
G2136	Еводию
G2137	быть состоятельным | приобрести | чтобы
G2138	покорный
G2141	располагать
G2142	благополучие
G2143	красота
G2144	благоприятный | благоприятно
G2147	найти | наслать | находить
G2150	богопочитание | благочестие
G2151	почитать | вы
G2152	благочестивый
G2153	благочестивый
G2154	ясное значение
G2155	милосердный
G2156	прилично | достойно
G2157	привлекательность
G2158	почётный | знаменитый | достоинство
G2159	яростно | вовсю
G2160	шутовство
G2161	Евтих
G2163	достойная похвала
G2164	дала хороший урожай
G2165	веселиться | давать | повеселиться
G2167	радость | веселие
G2168	благодарить | поблагодарить | благодаря
G2169	благодарность | благодарение
G2170	благодарный
G2171	обет | молитва
G2172	я | молить | чтобы
G2173	полезный | он
G2174	утешиться
G2175	ароматный | благовонный
G2176	слева
G2177	броситься
G2178	однажды | одновременно
G2180	Ефесский | Ефесяне | Что
G2181	Ефесе | Ефес | Ефеса
G2182	изобретательный
G2183	смена
G2184	ежедневно
G2186	подойти | явиться
G2187	Ефраим
G2188	Еффафа
G2189	вражда
G2190	враг
G2191	змеиный | гадюка
G2192	иметь
G2193	до | пока
G2195	Закхей
G2197	Захария | Захарий
G2198	жить | живой
G2199	Зеведея | Зеведеева
G2201	два | пара
G2202	верёвка
G2203	Зевс
G2204	горе | пламенеть
G2205	ревность | зависть
G2206	ревновать | завидовать | позавидовать
G2207	ревнитель | зилот
G2209	тщета | ущерб | убыток
G2210	навредить | потерпит урон | я
G2211	Зина
G2212	искать | хотеть
G2213	спор | вопрос | спорные вопросы
G2214	спор
G2216	Зоровавеля
G2217	мрак | тьма
G2218	ярмо | иго
G2219	закваска
G2220	закваситься | заквашивать
G2221	ловить | пойманые
G2222	жизнь
G2223	пояс | поясл
G2224	подпоясываться | подпоясать | опоясаться
G2225	сохранить | живой | оставались в живых
G2226	животное
G2227	даёт жизнь | оживлять | оживить
G2228	или | чем
G2230	управлять | когда
G2231	правление
G2232	правитель
G2233	считать | посчитать
G2234	удовольствие
G2235	уже
G2237	удовольствие | наслаждение | страсть
G2238	мятый
G2239	нрав
G2240	прийти
G2242	Илии
G2243	Илия | Илии
G2244	рост | взрослый | зрелость
G2245	великий | маленький | большой
G2246	солнце
G2247	гвоздь
G2250	день
G2251	наш
G2253	полумёртвый
G2255	половина
G2260	чем
G2261	мягкий
G2262	Ир
G2263	тихий
G2264	Ирод
G2265	иродианами | иродиан
G2266	Иродиада
G2267	Иродиона
G2268	Исаия | Исаии | Исайю
G2269	Исава
G2270	молчать | оставались в покой | утихнуть
G2271	тишина | они | затихнуть
G2272	спокойный
G2273	или
G2274	победить
G2275	упадок | поражение
G2276	плохой
G2278	звенящий
G2279	шум | слух
G2280	Фаддей
G2281	море
G2282	нежно обходится | бы | нежно обращалась
G2284	ужаснуться | изумиться | изумляться
G2285	ужас | изумление
G2286	смертельный
G2287	смертоносный
G2288	смерть
G2289	убить | приговорить | смерть
G2290	похоронить | хоронить | похоронный
G2291	Фарры
G2293	Ободриться | Смелый | Мужаться
G2294	смелость
G2296	удивляться | удивиться
G2298	удивительно
G2299	богиня
G2300	видеть | увидеть | смотреть
G2302	амфитеатр | зрелище
G2303	сера
G2304	Божественный | Божество
G2305	божественность
G2307	воля | желание
G2309	хотеть | желать
G2310	основание | фундамент
G2311	имеющее основание | непоколебимый
G2312	научены бог
G2314	богоборец
G2315	вдохновлено бог
G2316	Бог | Божий
G2317	богопочитание
G2318	почитает бог
G2319	богоненавистник
G2320	божественная природа
G2321	Феофил
G2322	лечение | прислуга
G2323	исцелить | исцелять | исцеляться
G2325	жать | пожинать | пожать
G2326	жатва | время сбора урожая | поспеть
G2328	греться
G2329	жара
G2330	лето
G2331	фессалоникийцев | фессалоникийцы | фессалоники
G2332	Фессалоникийский | Фессалоники | Фессалониках
G2333	Февда
G2334	видеть | увидеть
G2335	зрелище
G2336	ножны
G2337	кормят грудь | выкормить | кормящая грудь
G2338	женщина
G2339	ловушка
G2340	поймать
G2341	боролся со звери
G2342	зверь | гад
G2343	собирающие сокровища | собирать | сохранять
G2344	сокровище | сокровищница
G2345	трогать
G2346	теснить | страдать | притеснять
G2347	скорбь | страдание
G2348	умереть | умерший
G2349	смертный
G2350	рыдать | начали поднимать волнение | смущаться
G2351	шум | возмущение | беспорядок
G2352	измученный
G2353	скот
G2354	рыдать | пели плачевная песня
G2356	поклонение | религия | набожность
G2357	набожный
G2358	восторжествовать
G2359	волос | шерсть
G2360	бояться | тревожиться
G2361	капля
G2362	трон | престол
G2363	Фиатиры
G2364	дочь | дочка
G2365	доченька | дочка
G2368	каждение ладана | кадильный
G2370	кадить ладан
G2371	ярость
G2372	ярость | негодование
G2374	дверь | ворота
G2375	место | щит
G2376	окно
G2377	привратник | сторож | служанка которая сторожила вход
G2378	жертва | в
G2379	жертвенник
G2380	заколоть | зарезать | приносят жертва
G2381	Фома
G2382	броня | доспех
G2383	Иаир
G2384	Иаков
G2385	Иаков
G2386	исцеление
G2387	Иамврий
G2388	Ианная
G2389	Ианний
G2390	исцелить | исцелять | исцелиться
G2391	Иареда
G2392	исцеление
G2394	Иасона | Иасон
G2395	врач
G2398	свой | собственный
G2399	простой человек | простой | простые люди
G2401	Идумеи
G2402	пот
G2404	Иераполе
G2405	священнический
G2407	когда | служил священник
G2409	священник
G2410	Иерихон | Иерихона | Иерихону
G2411	храм
G2412	святой
G2413	святилище | священный
G2414	Иерусалим
G2415	иерусалимляне | жители иерусалима
G2416	обкрадываешь храмы
G2417	храм не обокрали
G2418	совершая священнодействие
G2421	Иессея
G2424	Иисус
G2425	достаточно | достойный | долгий
G2427	сделать | способный
G2429	влага
G2430	Иконии | Иконию
G2432	радушие
G2433	помиловать
G2434	жертва умилостивления
G2435	жертва примирения
G2437	Иллирика
G2438	ремень
G2439	одетый
G2440	одежда | плащ
G2441	одежда | одеяние
G2442	любя
G2443	чтобы
G2445	Иоппии | Иоппию | Иоппией
G2446	Иордан | Река иордан
G2447	яд | ржавчина
G2449	Иудей | Иудейский
G2451	иудейский
G2453	иудей | иудейский
G2455	Иуда
G2456	Юлий
G2457	Юлий
G2458	Юния
G2459	Иуст | Иустом
G2460	всадник
G2462	лошадь
G2464	Исаак
G2465	ангелы подобны
G2469	Искариот | Искариот сын симона
G2470	одинаковый | столько | равный
G2471	непредвзятость
G2472	равноценный
G2473	единомышленник
G2474	Израиль
G2475	израильтянин | израиль
G2476	стоять | стоить | поставить
G2478	сильный
G2479	сила
G2480	мочь | смочь | они
G2481	мочь
G2482	Италия
G2483	Италийский
G2484	Итуреи
G2485	рыбка
G2486	рыба
G2487	след
G2489	Иоанн
G2490	иоаннана
G2491	Иоанн
G2492	Иов
G2493	Иоилем
G2494	Ионана
G2495	Ион
G2497	Иорима
G2500	Иосии | Иосифова
G2501	Иосиф
G2507	снять | свергнуть | сломать
G2508	очищать
G2509	также | как
G2510	впиться
G2511	очистить | очиститься | очищать
G2512	очищение | обычай очищения
G2513	чистый | чисто
G2515	стул
G2516	сидеть | сесть | остаться
G2517	порядок | потом | далее
G2518	спать
G2520	положить | соответствовать
G2521	сидеть | сесть
G2522	ежедневный
G2523	сесть
G2524	спустить | спускать
G2525	поставить | стать
G2526	как
G2527	совсем
G2528	вооружиться
G2529	видется
G2530	соответствие | соответственно | потому
G2531	как
G2532	и
G2533	Каиафе | Каиафа | Каиафы
G2535	Каин
G2536	Каинана
G2537	новый
G2538	новизна
G2539	хотя
G2540	время | срок
G2541	кесарь
G2542	Кесария
G2544	хотя
G2545	гореть | зажечь | сгорать
G2546	там | и | туда
G2547	оттуда | потом
G2549	зло | злоба | порок
G2550	злонравие
G2551	оскорблять | сказать плохо
G2552	страдание
G2553	страдать | переноси страдания
G2554	делать зло | делающее зло
G2556	зло | плохой | злой
G2557	преступник
G2559	делать им зло | угнетать | причинить зло
G2560	больной | плохое имеющих | плохо
G2561	бедствие
G2562	солома
G2563	палка | тростник | трость
G2564	призвать | называть | позвать
G2565	хорошая маслина
G2566	очень хорошо
G2567	учители добра
G2569	делая добро
G2570	хороший | добрый | хорошо
G2572	накрывать | скрыть | покрыть
G2573	хорошо
G2574	верблюд | верблюжий
G2576	закрыть
G2577	больной
G2578	преклонить | преклониться | склонять
G2580	Кан
G2582	Кандакии
G2584	Капернаум | Капернауме
G2586	дым
G2587	Кападокии
G2588	сердце
G2589	сердцеведец
G2590	плод
G2591	Карп
G2592	приносят плод | приносит плод | приносили плод
G2593	плодоносный
G2595	сучок | соломинка
G2596	по
G2597	спуститься | сойти | спускаться
G2599	отяжелеть
G2600	спуск
G2602	основание | сотворение
G2603	путь | лишить | награда
G2604	проповедник
G2605	провозглашать | проповедовать
G2606	смеяться | насмехаться
G2607	осуждать
G2608	перебить | они
G2609	вывести | вытащить | отвести
G2611	перевязать
G2613	осуждать | будете осуждены | вы
G2614	искать
G2616	угнетать | притеснять
G2617	будет постыжен | обратить в стыд | бесчестить
G2618	сжечь | сгореть
G2619	покрываться | покрывать
G2620	превозноситься | превосходить | хвалиться
G2621	лежать | возлежать
G2622	преломить | разломить
G2623	заключить
G2624	распределить
G2625	рассадить | расположился лёжа за стол | располагайся за стол
G2626	затопить
G2627	потоп
G2628	пойдя следом | следовать
G2629	ранить
G2630	сбросить
G2631	осуждение
G2632	осудить | осуждать
G2634	господствовать | одолеть
G2635	говорите плохо | говорящий плохо | говорит плохо
G2637	клеветник
G2638	достигнуть
G2639	вносится в список
G2641	оставить | остаться
G2642	побить | камень
G2643	примирение
G2644	примириться | помириться
G2645	остальной
G2646	гостиная | гостиница | комната
G2647	разрушить | разрушать | переночевать
G2649	против | свидетельствовать
G2650	оставаться
G2656	подали знак
G2657	рассмотреть | подумать | замечать
G2658	дойти | прибыль | прибыть
G2659	усыпление
G2660	они | были поражены
G2661	удостоиться | были удостоены честь | чтобы
G2662	было затоптано | давить
G2663	покой
G2664	они | успокоить
G2665	завеса
G2666	Поглотить
G2667	упасть | когда
G2668	приплыть
G2669	мучить | измученный
G2671	проклятие
G2672	проклинать | проклясть
G2673	упразднить | упраздниться | уничтожить
G2674	он | сопричислить
G2675	чинить | усовершенствоваться | подготовить
G2677	совершенствование
G2678	дать | знак | дав знак
G2679	разрушить
G2680	приготовить | подготовить
G2681	поселяться | найдёт покой
G2682	гнездо
G2686	поступая коварно
G2687	успокоить | спокойный
G2688	поведение
G2689	сдержанность
G2690	опрокинуть | разрушить
G2691	завладевает страсть
G2692	разрушение
G2693	низложены были
G2694	он | повлечь
G2695	заколоть
G2697	владение
G2698	выразить | заполучить
G2699	увечье
G2701	ринуться
G2702	погружаться | погрузиться | выдвигать
G2703	они | бежать
G2704	испортить
G2705	целовать | поцеловать
G2706	пренебрегать | будет пренебрегать | пусть
G2707	презиратели
G2708	вылить
G2709	подземный
G2710	пользоваться
G2711	охладить
G2712	изобилие идолов
G2713	напротив | перед
G2714	пред | перед | лицо
G2715	властвовать
G2716	совершать | производить | делать
G2718	прийти | спуститься | прислать
G2719	съесть | разорять | склевать
G2720	направить | пусть
G2721	подняться
G2722	удерживать | сохранять | препятствовать
G2723	обвинять
G2724	обвинять | обвинение
G2725	обвинитель
G2726	печаль
G2727	наставить | был наставлен | сказать
G2728	заржаветь
G2729	смочь | победить
G2730	жить | обитать | проживать
G2731	жилище
G2732	жилище
G2733	обитание
G2736	вниз | на | донизу
G2737	низжайшие
G2739	завялый
G2741	воспламенить
G2742	жара | зной
G2743	заклеймить
G2744	хвалиться | пусть | хвастаться
G2745	похвала | похвальба
G2746	похвальба | похвала | хвастовство
G2747	Кенхреях
G2748	Кедрон
G2749	лежать | положить | предназначить
G2750	похоронная ткань
G2751	стригущий | обрить | стрижёт волосы
G2752	повеление
G2753	приказать | повелеть
G2754	тщеславие
G2756	пустой | напрасно | напрасный
G2757	болтовня | от
G2758	тщетный | сделать ничтожным | уничтожить
G2759	жало | рожон
G2760	сотник
G2761	напрасно
G2762	чёрточка
G2763	горшечник
G2765	кувшин
G2766	кровля
G2768	рог
G2769	стручки рожковые дерева
G2770	приобрести | если | обрести
G2771	приобретение | преимущество | нажива
G2772	деньга
G2773	увидел люди | меняют деньги
G2774	сумма
G2775	разбили голова
G2776	голова | глава
G2778	налог
G2779	сад | сад находилась
G2780	садовник
G2782	проповедь
G2783	проповедник | глашатай
G2784	проповедовать
G2786	Кифа | Кифы | Кифе
G2787	ковчег
G2788	лир
G2789	играется на лир
G2791	Киликии | Киликию | Киликийский
G2793	были в опасность | угрожать | рисковать
G2794	опасность
G2795	кивать | двигаться | пришёл в движение
G2797	Киса
G2798	ветвь
G2799	плакать | плачущий
G2800	преломление
G2801	кусок | хлеб
G2802	Кавда
G2803	Клавдия
G2804	Клавдий
G2805	плач
G2806	разломить | преломлять | преломить
G2807	ключ
G2808	запереть | закрыться | когда
G2810	Клеопа
G2812	вор
G2813	красть | украсть
G2814	ветвь
G2815	Климент
G2816	наследовать | буду я наследовать | получу в наследство
G2817	наследство | наследие
G2818	наследник
G2819	жребий | часть | доля
G2820	мы | стали наследники
G2821	призвание | звание | призыв
G2822	призвать
G2823	печь
G2824	регион
G2825	постель | кровать
G2826	постель
G2827	клониться | приклонить | склонить
G2828	группа
G2829	кража
G2830	волнение | волна
G2831	колеблемыми
G2832	Клеопы
G2833	ласкать
G2834	Книда
G2835	кодрант
G2836	утроба | желудок | живот
G2837	умереть | уснуть | заснуть
G2838	обыкновенный
G2839	общий | осквернить | нечистый
G2840	ритуально нечистым | сделать | делать
G2841	участвовать | приняли участие | будь участник
G2842	общение | участие | приобщение
G2843	общительный
G2844	причастник | товарищ
G2845	постель | зачать | распутство
G2846	спальня
G2848	зерно | зёрнышко | семечко
G2849	наказать | наказание
G2850	лесть
G2851	наказание
G2852	бить | жестоко избиваемы
G2853	прилепляться | прилипнуть | он
G2855	меновщик
G2856	сократить
G2857	Колосс
G2859	грудь | подол | внутри
G2860	плавать
G2861	бассейн
G2862	колония
G2863	носит длинные волосы
G2864	длинные волосы
G2865	получить | принести
G2866	лёгкий
G2867	побелить
G2868	пыль
G2869	стих | утихнуть
G2870	плач
G2872	трудиться | трудящийся | потрудиться
G2873	труд | плохо делаете | трудности передаёте
G2874	навоз
G2875	срезать | рыдать | плакать
G2876	ворон
G2877	девочка
G2878	Корбан
G2879	Корея
G2880	насытиться | пресытиться
G2881	коринфянин
G2882	Коринф
G2883	Корнилий
G2884	кор
G2885	приведённый в порядок | украсить | украшать
G2886	мирской
G2887	скромный | соблюдающий порядок
G2888	мироправителей
G2889	мир
G2890	Кварта
G2891	кум
G2893	стали облегчать
G2894	корзина | коробов
G2895	постель | коврик | подстилка
G2896	кричать | закричать | громко сказал
G2897	разгул
G2898	Череп | Лобный
G2899	край
G2901	укрепляться | будьте крепки | укрепиться
G2902	схватить | взять | держаться
G2903	сильный | многоуважаемый
G2904	могущество | владычество | сила
G2905	кричать | закричать | иисус
G2906	крик
G2907	мясо
G2909	хороший
G2910	повесить | висеть
G2911	обрыв
G2912	критянин
G2913	Крискент
G2914	Крит
G2916	ячменный
G2917	осуждение | суд | приговор
G2918	лилия
G2919	судить | осуждать
G2920	суд
G2921	Крисп | Криспа
G2922	судебные дела | разбирательство | суд
G2923	судья
G2925	стучать | закидывающая сеть | постучать
G2926	тайник
G2927	тайный | тайно | сокровенный
G2928	скрыться | сокрытый | скрытый
G2931	таино
G2932	приобрести | приобретать | сохранять
G2933	состояние | имение | имущество
G2934	осёл | вьючные животные | животное
G2935	собственник
G2936	сотворить | создать | было сотворено
G2937	творение
G2938	творение | создание
G2940	трюкачество
G2941	управление
G2942	рулевой
G2944	окружить | когда | стать
G2945	окрестный | кругом | вокруг
G2946	валяние
G2947	кататься
G2948	одноруким
G2949	волна
G2950	кимвал
G2952	щенок
G2953	кипр | киприян | киприот
G2954	Кипр
G2955	наклониться
G2956	киринейцы | киренянина | киренеянина
G2957	Киринеи
G2958	Квириний
G2959	госпожа
G2960	Господин
G2961	господствовать | должен господствовать | господствующий
G2962	Господин | Господь
G2963	господство | правительство | начальство
G2965	собака
G2967	запрещать | препятствовать | помешать
G2968	селение
G2969	село | имеющий рынок
G2970	пирушка
G2972	Коса
G2973	Косама
G2974	глухой | немой
G2975	получить | выпал ему жребий | бросим жребий
G2976	Лазарь
G2977	тайно | тайком
G2978	буря | ураганный | сильный ветер
G2979	бить
G2980	говорить | сказать
G2981	слово
G2982	ламма
G2983	взять | получить | принять
G2984	Ламеха
G2985	светильник
G2986	роскошный | светлый | сиять
G2987	сияние
G2988	блистательно
G2989	светить | засиять
G2990	остаться незамеченным | осталась незамеченной | чтобы
G2991	высеченная в скала
G2992	народ
G2993	Лаодикии
G2994	Лаодикийский
G2995	горло
G2996	Ласея
G2998	высечь
G2999	это | богослужение | служение
G3000	служить | будут служить | поклоняться
G3001	растение | трава | овощ
G3003	Легион
G3004	сказать | говорить
G3005	остаток
G3006	гладкий
G3007	недоставать | хватать | быть
G3008	когда | поклоняться | послужить
G3009	служение
G3011	служитель
G3012	полотенце
G3013	чешуя
G3014	проказа
G3015	проказить
G3016	лепта
G3017	Левий
G3019	левит
G3021	отбелить
G3022	белый | побелеть | одетый
G3023	лев
G3024	забывчивость
G3026	бессмыслица
G3027	разбойник | грабитель
G3028	получение
G3029	очень | сильно
G3032	Либертинской
G3033	Ливия
G3034	камень | побить | побивать
G3035	каменный
G3036	побивающие камни | стали побивать камни | побивали камни
G3037	камень
G3038	Лифостротон
G3039	раздавить
G3040	гавань | пристань
G3041	озеро
G3042	голод
G3044	Лина
G3046	фунт
G3047	юго запад
G3048	сбор
G3049	считать | было зачтено | была зачтена
G3050	разумный
G3051	слово
G3052	красноречивый
G3053	мысль
G3054	спорить о слова
G3055	препирательство
G3056	слово
G3057	копьё
G3058	Обругать | Оскорблять | Поругаемы
G3059	клевета
G3060	злоречивый
G3061	эпидемия
G3062	остальной | другой
G3063	итак
G3065	Лука | Лукас
G3066	Лукия | Луция
G3067	купель | омовение
G3068	омыть | спускаться | вымыть
G3069	Лидде | Лидда
G3070	Лидия | Лидий
G3071	Ликаонии
G3072	ликаонски
G3073	Ликия
G3074	волк | волков
G3075	губить
G3076	опечалить | печалиться | будете печальны
G3077	печаль | переживание | страдать
G3078	Лисании
G3079	Лисий
G3080	расторжение уз
G3081	лучше было
G3082	Листрах | Листру | Листры
G3083	выкуп
G3084	освободить | выкупить
G3085	избавление
G3086	избавитель
G3087	подставка для лампы | подставка для светильника | подставка
G3088	светильник | лампа
G3089	развязать | отвязывать | отвязать
G3090	Лоида
G3091	Лот
G3092	маафа
G3094	Магдалина
G3095	колдовство
G3096	колдовать
G3097	колдун
G3099	Мадиама
G3100	приобрести | ученик
G3101	ученик
G3102	ученица
G3103	мафусала
G3104	Маинана
G3105	безумствовать | сошёл с ум | бредить
G3106	благословлять | быть | считаем благословенными
G3107	счастливый | благословенный
G3108	счастливый | счастливость
G3109	Македония
G3110	македонянин | македонец
G3111	рынок
G3112	далеко | недалеко | дальний
G3113	издалёка | вдали | расстояние
G3114	очень терпелив | долго терпит | будьте терпеливы
G3115	долготерпение | терпение
G3116	великодушно
G3117	далёкий
G3118	долголетний
G3120	мягкий | мужчины проститутки
G3121	Малелеила
G3122	особенно | более
G3123	более | большой | хороший
G3124	Малх
G3125	бабушка
G3126	богатство
G3127	Манаил
G3129	научиться | учиться | научный
G3130	сумасшествие
G3131	манна
G3132	прорицать
G3133	завянуть
G3134	господь наш идёт
G3135	жемчуг
G3136	Марфа
G3137	Мария
G3138	Марк
G3140	свидетельствовать | засвидетельствовать
G3141	свидетельство
G3142	свидетельство
G3143	свидетельствовать | утверждать
G3144	свидетель
G3146	будут бить | плетьми | избив бичи
G3147	наказывать плетьми
G3148	болезнь | недуг | плетьми
G3149	грудь
G3150	пустословие
G3151	пустослов
G3152	бессмыслица | суета | напрасный
G3153	тщетность | бесцельность | пустота
G3154	сделались пустыми
G3155	напрасно
G3156	Матфей
G3158	Матфата
G3159	Матфия
G3160	Маттафая
G3161	Маттафии
G3162	меч
G3163	ссора | нужный | распря
G3164	стали спорить | драться | ссориться
G3167	великие дела
G3168	величие
G3169	Великолепный
G3170	прославлять | проявить | великий
G3171	очень
G3172	величие
G3173	великий | громкий | большой
G3174	величие
G3175	чиновник
G3176	великий
G3177	перевести | означать | переводиться
G3178	пьянство
G3179	буду отстранён | отстранить | совратить
G3180	махинация | изощрение
G3182	напиваться | пьянствовать
G3183	пьяница
G3184	напиваться | напиться | пьяный
G3187	большой
G3189	чернила
G3190	мелеая
G3191	замыслить | думать
G3192	мёд
G3194	Мальта
G3195	собираться | хотеть | должный
G3196	член
G3197	Мелхия
G3199	заботить | заботиться | беспокоить
G3200	кожаный
G3201	обвинять
G3202	недовольный
G3303	один
G3304	скорее | а | наоборот
G3305	впрочем | но | однако
G3306	оставаться | остаться | пребывать
G3307	разделиться | разделить | отмерить
G3308	забота | в
G3309	заботиться | будет заботиться
G3310	часть | доля
G3312	посредник
G3313	часть | отчасти
G3314	полдень
G3316	посредник
G3317	полночь | полуночь
G3318	Месопотамии
G3319	среди | посреди | середина
G3320	разделяющая стена
G3322	середина
G3323	Мессия
G3324	полный | намочить | наполнить
G3325	напиться
G3326	с | после
G3327	перейти | переходить | выйти
G3328	перемениться
G3329	мы | поворачивать | поворачиваться
G3330	передать | должен отдать | раздавать
G3333	вызвать | пригласить | позвать
G3334	отходить
G3335	принять | принимать | выпасть
G3336	принятие
G3337	заменить
G3339	был преображён | преображаться
G3340	покаяться | каяться
G3341	покаяние
G3342	между | время | следующий
G3343	вызвать | пригласить | послать
G3344	превратиться
G3345	применить | преобразить
G3346	были перенесены | превращать
G3348	причащаться | разделить участие | разделять
G3349	беспокоиться
G3351	бог переселил | переселить
G3353	товарищ
G3354	мерить | будет отмерено
G3355	мера
G3357	безмерно
G3358	мера
G3360	до | вплоть | пока
G3361	не
G3365	случай | образ
G3367	не | ничего | никто
G3368	никогда
G3370	мидянин
G3371	большой | уже | не
G3372	долгота
G3373	расти
G3376	месяц
G3377	показать | донести | когда
G3379	чтобы | не
G3380	когда | ещё
G3383	ни | не
G3384	мать
G3385	разве | не | ли
G3388	утроба
G3389	покушающаяся на мать
G3392	осквернить | оскверниться | осквернять
G3393	порочность
G3394	скверный
G3395	состав
G3396	смешать
G3398	малый | скоро | немного
G3399	Милит | Милита | Милите
G3401	подражать | подражание
G3402	подражатель
G3403	вспомнить | помнить
G3404	ненавидеть | возненавидеть
G3407	наёмные слуги
G3408	награда | плата
G3410	дом
G3411	наёмник | работник
G3412	Митилину
G3413	михаил
G3414	мина
G3416	Мнасону
G3417	вспоминать | воспоминание | вы
G3418	гробница | погребальные пещеры
G3419	гробница
G3420	память
G3421	помнить | вы
G3422	воспоминание | памятование
G3423	обручить
G3424	косноязычный
G3425	неохотно
G3426	горшок | сосуд
G3428	неверный | неверная жена | неверная женщина
G3429	изменять
G3430	супружеская измена | изменяла муж
G3431	нарушает супружеская верность | нарушай супружеская верность | развратничать
G3432	развратный | нарушители супружеские верности
G3433	труд | вряд
G3434	Молох
G3435	осквернить
G3437	жалоба
G3438	комната | жить
G3439	единственный
G3440	только | один
G3441	один | только | единый
G3442	одноглазый
G3443	остаться
G3444	образ | форма
G3446	образец | вид
G3447	изваяли бык
G3448	телёнок
G3449	изнурение
G3453	научный
G3454	легенда | выдумка | миф
G3457	мельничный
G3458	мельничный жёрнов
G3460	Мирра
G3461	тысяча | огромное количество | десятки тысяч
G3462	умастила масло
G3463	десятка тысяч | десять тысячи
G3464	мир | миро | ароматическое масло
G3465	Мисии | Мисию
G3466	тайна | таину | таина
G3467	близорукий
G3470	порок
G3471	потеряла вкус | сделались глупыми | сделать
G3472	глупость
G3473	глупое слово
G3474	глупый | глупец | глупость
G3475	Моисей
G3476	Наассона
G3477	Наггея
G3478	Назарет
G3479	Назарянин
G3480	Назарянин | Назарет | Назорейского
G3481	Нафана
G3482	Нафанаил | Нафанаила
G3483	Да
G3484	Наин
G3485	храм
G3486	Наум
G3487	из | нард | нардовый
G3488	Наркисса
G3489	потерпели кораблекрушение
G3490	хозяин корабля
G3491	корабль
G3492	моряк
G3493	Нахора
G3494	юноша
G3495	юноша
G3497	Неемана
G3498	мёртвый
G3499	омертвелый | умертвить
G3500	мёртвость
G3501	молодой | новый | неаполис
G3502	птенец
G3503	юность | молодость
G3504	новообращённый
G3506	сделать | знак | когда
G3507	облако
G3511	блюститель храма
G3512	юношеский
G3513	клясться
G3514	прясть
G3515	будьте младенцы
G3516	младенец | младенческий | ребёнок
G3517	Нирея
G3518	Нирия
G3519	островок
G3520	остров
G3521	пост | день поста
G3522	поститься | будут поститься | ещё попостившись
G3523	голодный
G3524	трезвомыслящий | трезвый
G3525	трезвиться | давайте трезвиться | будь трезвым
G3526	Нигер
G3527	Никанор
G3528	победить | побеждать | будь побеждён
G3529	победа
G3530	Никодим
G3532	Николай
G3533	Никополь
G3534	победа
G3536	ниневитян | ниневии
G3537	умывальница
G3538	умыться | мыть | омыть
G3539	понять | знать | понимать
G3540	мысль
G3542	пастбище | распространение
G3543	думать | считать | полагать
G3544	знатоки закона | знаток закона | закон
G3545	законно | незаконно
G3547	законоучитель | учитель закона
G3548	законодательство
G3550	Законодатель
G3551	закон
G3552	страдает тяга
G3553	болезнь
G3554	болезнь
G3555	птенец
G3557	утаить | присвоить | красть
G3558	южный ветер | юг
G3559	вразумление | наставление | предупреждение
G3560	вразумлять | наставлять
G3561	новолуние
G3562	разумно
G3563	ум | разум
G3564	Нимфана
G3565	невестка | невеста
G3566	жених
G3567	чертог брачный | свадебный зал
G3568	теперь | сейчас
G3571	ночью | ночь
G3572	пронзить
G3573	спать
G3575	Ной
G3577	спина
G3578	гостиный дом | гостевая комната
G3579	гостить | радушно принял | странный
G3580	оказывала гостеприимство
G3581	посторонний | чужой | иностранец
G3582	кувшин
G3583	засохлый | высохнуть | засохнуть
G3584	сухой | ослабить
G3585	деревянный
G3586	древо | палка | дерево
G3587	обрить
G3589	восемьдесят
G3590	восьмой | восемь
G3593	проезжать
G3594	наставить | вести
G3595	предводитель | путеводитель
G3596	когда | идти
G3597	дорога
G3598	путь | дорога
G3599	зуб
G3600	страдать | мучиться | скорбеть
G3601	мучение | страдание
G3605	появился запах
G3606	откуда | поэтому | оттуда
G3607	полотнище
G3608	льняное полотно | погребальная ткань | ткань
G3609	домашний
G3610	слуга
G3611	жить | обитать | пребывать
G3612	камера
G3613	жилище
G3614	дом
G3616	управляли дом
G3617	хозяин дома | хозяин
G3618	построить | строить | созидать
G3619	созидание | строение
G3621	управлять дом
G3622	управление | управление домом | о
G3623	управлять | управляющий дом | распорядитель
G3624	дом
G3625	мир | обитание | земля обитания
G3626	заботливый о дом
G3627	жалеть | пожалеть
G3628	сострадание | милосердие
G3629	милосердный | сострадательный
G3630	пьяница
G3631	вино
G3633	думать
G3634	каковой | который | какой
G3635	замедлить
G3636	ослабевать | тягостный
G3637	восьмой день
G3638	восемь
G3639	уничтожение | гибель | смерть
G3640	маловер
G3641	немалый | мало | немало
G3642	боязливый
G3644	губитель
G3646	всесожжение
G3647	полное исцеление
G3648	всецело | цельный
G3649	рыдать
G3650	весь | всё
G3651	полностью
G3652	Олимпана
G3654	целое | полный | вовсе
G3655	дождь
G3656	беседовать | разговаривать | он
G3657	сообщество
G3659	глаз
G3660	поклясться | клясться | заверять
G3661	единодушно | были все вместе | согласие
G3663	подобный | страсть
G3664	подобный | похоже
G3666	сравнить | сравнимый | уподобить
G3667	подобие
G3668	образ | также | подобно
G3669	подобие
G3670	исповедовать | признавать | признать
G3671	исповедание | исповедание веры
G3672	общепризнанный
G3673	ремесло
G3674	вместе
G3676	впрочем | даже
G3678	молодой осёл
G3679	упрекать | оскорбить | оскорблять
G3680	ругательство | нарекание
G3681	позор
G3682	Онисим
G3683	Онисифора
G3684	крутит осёл
G3685	воспользоваться
G3686	имя
G3687	назвать | именоваться | призывать
G3688	осёл
G3689	действительно | настоящий
G3690	кислое вино | уксус
G3691	быстрый
G3692	отверстие
G3693	сзади | за
G3694	за | позади | назад
G3696	оружие | орудие
G3697	каковой | как | какой
G3699	где | куда
G3700	являться
G3701	видение | явление
G3702	жареный
G3704	чтобы
G3705	видение
G3706	видение
G3707	видимый
G3708	увидеть | вот | видеть
G3709	гнев
G3710	разгневаться | рассердиться | гневаться
G3711	гневливый
G3712	сажный
G3713	стремиться | устремиться
G3714	горная местность
G3715	похоть
G3717	прямо
G3718	прокладывающий прямой путь
G3719	приходил утром
G3720	рано утром
G3722	на | рассвет | утром
G3723	правильно
G3724	определить | предназначить | определённый
G3725	граница | область | окрестность
G3726	Умолять | Заклинать
G3727	клятва
G3729	броситься | они | устремиться
G3730	стремление
G3733	птица
G3734	предел
G3735	гора
G3736	выкопать
G3737	сирота
G3738	сцанцевала | вы | плясать
G3739	который | что
G3740	раз
G3741	святой | святыня | благочестивый
G3742	святость
G3743	святой
G3744	аромат | благоухание | запах
G3745	что | сколько | кто
G3747	кость
G3748	который
G3749	глиняный
G3750	обоняние
G3751	бедро
G3752	когда
G3753	когда
G3754	что | потому
G3755	вскочить
G3756	не
G3757	где | куда
G3758	Эй
G3759	гора
G3761	не | и | ни
G3762	никто | ничего | не
G3763	никогда | никогда ещё | не
G3764	ещё | ещё не был
G3765	уже | большой
G3766	Так
G3767	итак | тогда | поэтому
G3768	ещё | не
G3770	небесный
G3771	небо
G3772	небо
G3773	Урбана
G3775	ухо
G3776	богатство
G3777	ни | не
G3778	это | этот
G3779	так | образ
G3780	не | ли | нет
G3781	должник
G3782	должное
G3783	долг
G3784	должный | задолжать | должны были
G3786	польза
G3787	видимая услужливость
G3788	глаз
G3789	змея
G3790	обрыв
G3791	страдать
G3792	собрав толпа
G3793	толпа | народ
G3795	рыба | рыбка
G3796	вечер | вечером
G3797	поздний
G3798	вечер | вечером
G3799	внешность | лицо
G3800	жалование | расплата | счёт
G3803	ловушка | сеть | западня
G3804	страдание | страсть | в
G3805	обречённый пострадать
G3806	похоть | страсть
G3807	наставник
G3808	мальчик
G3809	дисциплина | наставление
G3810	наставник
G3811	наказать | быть | научный
G3812	детство
G3813	ребёнок | младенец
G3814	служанка | этот
G3815	играть
G3816	слуга | мальчик
G3817	ударить
G3819	давно | прежний | издавна
G3820	старый | старое
G3821	старый
G3822	который | изнашиваться
G3823	борьба
G3824	возрождение
G3825	снова | опять | ещё
G3826	вместе
G3828	Памфилии | Памфилию
G3829	гостиница
G3830	хозяин гостиницы
G3832	дом
G3833	полное вооружение | всё | оружие
G3834	хитрость
G3837	везде | повсюду
G3838	полностью
G3840	отовсюду | сторона
G3842	всегда
G3843	конечно | непременно | точно
G3844	от | у
G3845	отвернуться
G3846	причалить
G3847	преступление | переступание
G3848	нарушитель | преступник
G3849	удерживать | убедить
G3850	притча
G3851	подвергнув опасность
G3852	приказный порядок | приказ | наставление
G3853	приказать | повелеть | приказывать
G3854	прибыть | прийти | прибыль
G3855	проходить | прохожий | иисус шёл
G3857	рай
G3858	принимать | были приняты | они
G3860	предать | передать | отдать
G3861	невероятный
G3862	предание | передать
G3863	возбудить | ревность | возбужу ревность
G3865	пренебрегать
G3866	залог
G3867	то | стал советовать | советовать
G3868	избегать | извинить | просить
G3869	сесть
G3870	просить | умолять | упрашивать
G3871	скрытый
G3873	иметься
G3874	утешение | увещевание | ободрение
G3875	Утешитель | Заступник
G3876	непослушание
G3877	последовать | будут сопровождать | исследовать
G3878	услышать
G3879	заглянуть | наклониться | всмотреться
G3880	принять | взять | брать
G3881	прокладывая курс | поплыть
G3882	побережье
G3883	изменение
G3884	обмануть | обманывать
G3885	парализовать
G3886	парализовать
G3887	остаться | буду жить
G3888	утешать | скорбь | увещевать
G3889	утешение
G3890	ободрение
G3891	противозаконно
G3892	за | преступление
G3896	проплыть
G3897	близко
G3899	проходить
G3900	преступление | падение
G3902	отмеченный знак
G3903	пока | готовить | будет готовиться
G3904	пятница | приготовление
G3905	продолжить
G3906	наблюдать | они | стеречь
G3907	заметный образ
G3908	раздать | предложить
G3909	случайными встречными
G3911	унести | гонимый
G3913	безумие
G3914	перезимовать | зимовать
G3915	зимовка
G3916	сразу
G3918	прислать | присутствовать | здесь
G3919	скрытно принесут
G3921	тайно проникли
G3922	прийти
G3923	прилагать
G3924	исключение
G3925	крепость
G3926	затруднять
G3928	пройти | пренебрегать | исчезнуть
G3929	прощение
G3930	доставлять
G3931	утешение
G3932	девичество
G3933	девица | девушка | девственница
G3934	парфянин
G3935	упускать
G3936	представить | предоставить | предоставлять
G3937	Пармен
G3938	мимоходом
G3939	прийти
G3940	время пребывания
G3941	переселенец | чужестранец
G3942	притча | пословица
G3943	пристрастная к вина | пьяница
G3944	прошлый
G3946	подобный
G3947	терзаться | раздражаться
G3948	острый спор
G3949	возбудить | гнев | раздражать
G3950	гнев
G3951	подговорить
G3952	пришествие
G3954	смелость | открыто | прямо
G3955	смело проповедовал | он | смело проповедуя
G3956	всё | весь | каждый
G3957	Пасха
G3958	пострадать | страдать | страдание
G3959	Патару
G3960	ударить | поразить | толкнуть
G3961	наступать | топтать
G3962	Отец
G3964	покушающийся на отец
G3965	род | семейство | родиться
G3966	патриарх
G3968	отечество | родный город | родина
G3969	Патрова
G3971	отеческий | отец
G3972	Павел
G3973	переставать | перестать
G3974	Пафа
G3975	ожирелый
G3976	кандалы | окова
G3977	ровный
G3978	идти по суша
G3979	пешком
G3980	повиноваться | послушаться | покоряться
G3981	убедительный
G3982	уверенный | убеждать
G3983	голодать | проголодаться | голодный
G3985	испытывать | искушать | испытать
G3986	искушение | испытание
G3987	намереваться
G3989	море
G3992	послать
G3994	тёща | свекровь
G3995	тесть
G3996	плакать | скорбеть | будете горевать
G3997	плач
G3998	бедный
G4000	пять тысячи | пяти тысячи
G4001	пятьсот
G4002	пять
G4003	пятнадцатый
G4004	пятьдесят
G4005	Пятидесятница
G4006	уверенность | надежда
G4008	сторона | берег
G4009	край | предел
G4011	Пергии | Пергию
G4012	о | за
G4013	ходить | ходя на ощупь | брать спутница
G4014	стала исчезать | отрубить | отправиться
G4015	засиять | просиять
G4016	надеть | завернуться | одетый
G4017	посмотреть | взглянуть | смотреть
G4018	покрывало
G4019	было обвязано
G4020	суетиться
G4021	заговор | суетливый
G4022	скитаться | ходить
G4023	охватить
G4024	препоясать | подпоясаться
G4026	стоит здесь | стать | избегать
G4027	мусор
G4028	завязывать | накрывать
G4029	привязать | бы | висеть
G4030	шлем
G4031	удержать
G4032	скрывать
G4033	окружить
G4034	осветить | осиять
G4035	остаться
G4036	очень печальным | очень опечалена | очень расстроился
G4037	ожидать
G4038	вокруг
G4039	жить
G4040	сосед
G4041	особенный
G4042	отрывок
G4043	ходить | поступать | идти
G4044	причинить
G4045	попасться | попасть | впадать
G4046	сохранить | приобрести | достигать
G4047	достояние | обретение | достижение
G4048	сорвать
G4049	очень беспокоилась
G4050	обилие
G4051	остаться | избыток
G4052	изобиловать | остаться | преуспевать
G4053	преимущество
G4055	большой | больший | суровый
G4056	большой | большая мера | чрезвычайно
G4057	сильно | очень | ещё больше
G4058	голубь | голубеть | голубиный
G4059	обрезать | обрезывать | вы
G4060	насадить | поставить | возложить
G4061	обрезание | обрезать
G4062	доводить
G4063	пробежать
G4064	приносить | уносить
G4065	пусть | пренебрегать
G4066	окрестность | окрестный
G4067	отброс
G4068	превозноситься
G4069	Персида
G4071	птица
G4073	скала | камень | скал
G4074	Пётр
G4075	каменистый | место | почва
G4076	рута
G4077	источник | колодец
G4079	руль
G4081	земля со слюной | земля | это
G4082	сумка | кошелёк
G4083	локоть
G4084	схватить | поймать | вы
G4085	уплотнить
G4086	убедительная речь
G4087	будьте жестоки
G4088	горечь | горький
G4089	горький
G4090	горько
G4091	Пилат
G4092	распухнуть
G4093	дощечка
G4094	блюдо
G4095	пить
G4096	маслянистость
G4097	продать | продавать | выручить
G4098	упасть | пасть | падать
G4099	Писидии | Писидию
G4100	поверить | верить | веровать
G4101	чистый
G4102	вера
G4103	верный | веровать | верно
G4104	убеждённый
G4105	заблуждаться | обмануть | обманывать
G4106	заблуждение | обольщение | ложный
G4107	блуждать
G4108	обманщик | заблуждение
G4110	изваяние
G4111	изваять | был образован
G4112	притворный
G4113	улица
G4114	широта
G4117	плетение
G4118	огромный | максимум
G4119	большой | более | большинство
G4120	сплести
G4121	умножиться | умножаться | умножить
G4122	злоупотреблять
G4123	корыстолюбец | корыстолюбивый | жадныи
G4124	жадность | стремление к выгоде | обогащение
G4125	бок
G4126	идти | когда | плавать
G4127	рана | наказание | удар
G4128	множество
G4129	когда | умножались численно | увеличиваться
G4130	наполниться | исполниться
G4131	вспыльчивый | драчливый
G4132	наводнение
G4133	но | однако | кроме
G4134	полный | наполнить
G4135	совершиться | будучи полностью уверенным | пусть
G4136	убеждённость | уверенность
G4137	исполниться | наполнить | исполнить
G4138	полнота | полный
G4139	ближний
G4140	удовлетворение
G4142	лодка
G4143	лодка | корабль
G4144	плавание
G4145	богатый | богач
G4146	обильно | избыток
G4147	богатеть | богатый | разбогатеть
G4148	обогатиться
G4149	богатство
G4150	промывать
G4151	Дух
G4152	духовный
G4153	духовно
G4154	дуть | дышать | ветер
G4155	утонуть
G4156	удавленины
G4157	ветер | дыхание
G4159	откуда
G4160	делать | сделать
G4161	произведение
G4162	действие
G4163	исполнитель | из | поэт
G4164	различный | разный
G4165	пасти
G4166	пастух
G4167	стадо
G4168	стадо
G4169	какой
G4170	враждовать
G4171	война | битва | сражение
G4172	город
G4173	городские начальники
G4174	гражданство | общество
G4175	гражданство
G4176	жить | проводите жизнь
G4177	гражданин
G4178	много разы | часто | многократно
G4179	гораздо больше
G4182	многообразный
G4183	много | многие | многий
G4184	очень | милосердный
G4185	очень дорогого | дорога
G4186	драгоценный
G4188	питьё
G4189	злоба | подлость | злые дела
G4190	злой | зло | плохой
G4191	более злых
G4192	усердная забота
G4193	понтянин
G4194	Понтия | Понтий
G4195	Понт
G4196	Публий | Публия
G4197	путь
G4198	идти | пойти
G4199	истребить
G4200	источник заработка | приобретение
G4201	Поркий
G4202	разврат | проституция
G4203	развратник | будем жить развратно | жили развратно
G4204	развратница | проститутка | блудница
G4205	развратник | развратный
G4206	далеко
G4207	вдалеке
G4208	далёкий
G4209	пурпурная мантия | пурпурная одежда
G4210	пурпурный
G4211	продавщица багряная ткани
G4212	сколько разы
G4213	питьё | напиток
G4214	сколько | насколько
G4215	река | поток
G4217	какой
G4218	никогда | наконец | когда
G4219	когда | поры ещё | сколько
G4221	чаша
G4222	поливать | поить | напоить
G4223	Путеол
G4225	около
G4226	где | куда
G4227	Пуд
G4228	нога
G4229	дело | событие
G4230	в | дело
G4231	Пустите в оборот
G4232	преторий | дворец
G4233	судебный исполнитель | исполнитель
G4234	дело | деятельность | образ жизни
G4237	группа
G4238	делать | сделать | исполнять
G4240	кротость | смирение
G4241	соответствовать | подобать
G4242	посол
G4243	являюсь посол
G4244	совет старейшин | пресвитер
G4245	старейшина | пресвитер
G4246	старик | пожилые мужчины | старейшина
G4247	пожилые женщины
G4248	упасть
G4250	пока | прежде | не
G4251	Прискиллу | Прискилла
G4252	Прискилла | Прискиллу
G4253	перед | прежде | до
G4254	вывести | идущие впереди
G4256	уже показали вина
G4257	слышать
G4259	передний двор
G4260	преклонный | далёкий | достигнуть
G4261	они | распускаться | предложить
G4262	Овечьи ворота
G4263	овца
G4266	совершить
G4267	знающий | предузнать | знал наперёд
G4268	предвидение
G4269	родитель | прародитель
G4270	было написано раньше | писать | предназначить
G4271	очевидный
G4272	сначала дал
G4273	предатель
G4276	первая возложившая надежда
G4279	обещать
G4281	пройдя вперёд | обогнать | пойти
G4282	были предопределены | предназначить
G4284	имеем преимущество
G4285	опережать
G4286	намерение | предложение | в
G4288	усердие
G4289	бодрый | готовый
G4291	руководящий | руководить | начальствовать
G4293	предвозвестить
G4295	поставить
G4296	когда | проповедовать
G4297	распространение | преуспевание | успех
G4298	они | преуспеть | преуспевать
G4299	предвзятость
G4301	заранее | опережать
G4302	предсказать | предупредить | говорить
G4304	обдумывать заранее
G4305	переживать
G4306	заботиться
G4307	предусмотрительность | забота
G4308	я | видеть | предвидеть
G4309	предопределить | тем | предназначить
G4310	пострадать
G4311	провожать | проводить | будучи посланными
G4312	опрометчивый
G4313	пойти | пойдут впереди
G4314	к | они
G4315	Суббота
G4317	привести | приближаться
G4318	доступ
G4319	просил милостыня
G4320	подняться
G4321	потратить
G4324	пригрозить
G4325	потратишь дополнительно
G4326	нуждаться
G4327	ожидать | принять | принимать
G4328	ожидать | когда
G4329	ожидание | ожидать
G4330	позволять
G4333	принести
G4334	подойти | прийти
G4335	молитва
G4336	молиться | помолиться
G4337	внимать | будьте внимательны
G4338	пригвоздить
G4339	прозелит
G4340	временной
G4341	подозвать | призвать | позвать
G4342	постоянно | пребывать | приготовить
G4343	постоянство
G4344	подушка
G4345	примкнуть
G4346	пристрастие
G4347	прилепиться
G4348	преткновение
G4350	спотыкаться | ты | споткнуться
G4351	привалить
G4352	поклоняться | поклониться | поклонение
G4353	поклонник
G4354	беседовать | поговорить
G4355	принять | принимать | отвести
G4356	принятие
G4357	держаться | оставаться | пробыть
G4358	причалили к берег
G4359	ты | должный
G4361	голодный
G4362	пригвоздить
G4363	пасть | упасть | падать
G4364	сделал вид
G4365	подойти
G4366	хлынуть
G4367	повелеть | приказать | велено
G4368	помощница
G4369	прибавить | продолжить
G4370	подбежать | побежать
G4371	еда
G4373	недавно
G4374	принести | приносить
G4375	любезный
G4376	приношение | жертва
G4377	позвать | звать | подозвать
G4379	касаться
G4380	руководствуетесь личные предпочтения
G4381	нелицеприятный
G4382	лицеприятие | предпочтение | личные пристрастия
G4383	лицо
G4385	растянуть
G4387	ранний | ночью | прежний
G4388	намереваться | предложить | положить
G4389	поддержать
G4390	пробежать | бежать
G4391	прежде | быть
G4392	предлог | лицемерно | напоказ
G4393	выносить
G4394	пророчество
G4395	пророчествовать | будут пророчествовать
G4396	пророк
G4397	пророческий
G4398	пророчица
G4400	предназначить | заранее избрал | поставить
G4401	заранее избранным
G4402	Прохор
G4403	корма | корм
G4404	рано утром | утро | рано
G4405	утро
G4406	ранний
G4408	нос | нос корабля
G4409	первый
G4410	почётные места | первое место | первое сиденье
G4411	первое место | почётные места
G4412	сначала | первый | прежде
G4413	первый
G4414	предводитель
G4416	первенец | первородный
G4417	ошибаться | преткнуться | ошибиться
G4418	пята
G4419	крыло
G4420	крыло
G4421	птица
G4422	ужасаться | ужаснуться
G4424	Птолемаиду
G4425	лопата
G4426	устрашаться
G4427	слюна
G4428	свернуть
G4429	плюнуть
G4430	тело | труп
G4431	падение
G4434	нищий | бедный
G4435	сначала
G4436	предсказатель
G4437	частый
G4438	бить
G4439	ворота
G4440	ворота | внешний
G4441	спросить | спрашивать | расспрашивать
G4442	огонь
G4443	огонь
G4444	башня
G4445	страдая от горячка
G4446	горячка | лихорадка
G4448	распаляться | огненный | поджечь
G4453	продавать | продать | продаваться
G4454	молодой ослик | молодой осёл | ослёнок
G4455	никогда | ещё
G4456	слепой | ослепить | окаменеть
G4457	ожесточение | жестокость
G4458	нибудь | образ | чтобы
G4459	как
G4460	Раав
G4461	Равви
G4462	Раввуни
G4463	бить палки
G4464	посох | жезл
G4465	блюстители порядка | блюститель | порядок
G4466	Рагава
G4467	преступление
G4468	бесстыдство
G4470	из | ткань
G4475	щека | удары по щекам | ударить
G4476	игла
G4479	Ревекка
G4481	Ремфана
G4482	потечь
G4484	Ригию
G4485	разрушение
G4486	прорвать | бросать | бросить
G4487	слово
G4488	Рисая
G4489	оратор
G4490	отчётливо
G4491	корень
G4492	укорениться | быв укоренены
G4493	мгновение
G4494	развевать
G4496	опрокинуть | был бы брошен | швырять
G4498	Род
G4499	Родос
G4500	шум
G4501	меч
G4504	Руфа
G4505	улица | переулок
G4506	избавить | был избавлен | избавиться
G4507	нечистота
G4508	грязный
G4511	истечение | течение
G4512	недостаток
G4514	римлянин | римский гражданин | римский
G4515	римски
G4516	Рим
G4517	будьте здоровы
G4518	савахфани
G4519	Саваоф | Саваофа
G4521	суббота
G4523	саддукей
G4525	поколебаться
G4526	лохмотья
G4527	Салмона | Салы
G4528	Салафииля
G4529	Саламин
G4530	Салим
G4531	пошатнуться | сотрястись | утрясти
G4534	Салмона
G4535	волнение
G4536	труба
G4537	протрубить
G4539	Саломия
G4540	Самария
G4541	самаритянин | самарянин
G4542	самаритянка
G4543	Самофракию
G4544	Самос
G4545	Самуил
G4547	сандалия | обувь
G4548	доска
G4550	плохой | гнилой
G4551	Сапфирой
G4558	Сарепта
G4559	плотский | телесный
G4560	плотский
G4561	плоть | тело
G4562	серуха
G4563	вымести | станет подметать
G4564	Сарра
G4565	Сароне
G4566	сатана
G4568	мера
G4569	Савл | Саул | Савла
G4570	угасать | погасить | угашать
G4572	себя | сам
G4573	поклоняться
G4574	святыня | объект поклонения
G4575	Августово | Август | Императорский
G4576	чтущий бог | почитать | поклоняться
G4577	уза
G4578	землетрясение
G4580	Секунда
G4581	Селевкию
G4582	луна
G4584	Семея
G4586	достойный | достойное уважение | серьёзный
G4587	достоинство
G4588	Сергий
G4589	Сифа
G4590	Сим
G4591	давая понять | сообщить | указать
G4592	знак | чудо | знамение
G4593	отметить
G4594	сегодня | сегодняшний
G4595	сгнить
G4597	моль
G4598	изъедена моль
G4600	щека
G4601	молчать | умолкнуть | хранили молчание
G4602	тишина
G4603	железный
G4605	Сидона | Сидон | Сидоне
G4606	сидонский | сидонян
G4607	сикариев
G4608	крепкие напитки
G4609	Сила
G4610	Сила
G4611	Силоаме | Силоам | Бассейн силоам
G4612	фартук
G4613	Симон | Симона
G4614	Синай
G4615	горчичный | горчица
G4616	покрывало | полотно | льняное полотно
G4617	просеять
G4618	откормить
G4620	порция еды
G4621	пшеница | пшеничный | зерно
G4622	Сиона | Сионе
G4623	молчать | замолчать
G4624	вести | грех | соблазниться
G4625	преткновение | соблазн | ловушка
G4626	копал | окопать | копать
G4627	лодка
G4628	голень
G4629	одежда
G4630	Скевы
G4631	оснастка
G4632	сосуд | предмет | вещь
G4633	скиния | шалаш | шатёр
G4634	Суккот
G4635	изготовление палаток
G4637	находиться
G4638	хижина | место обитания
G4639	тень
G4640	радостно задвигался | запрыгать | скачите от радость
G4641	жестокосердие
G4642	безумный | тяжело | сильный
G4643	ожесточённость
G4644	жестоковыйные
G4645	стали ожесточаться | ожесточать
G4646	кривой | извратить | развратить
G4648	смотреть | остерегаться | заботиться
G4649	цель
G4650	расточать | разгонять | разойтись
G4651	скорпион
G4652	темно | тёмный
G4653	тьма | темно
G4654	померкнуть | омрачиться | будут помрачены
G4655	тьма
G4656	помрачить
G4657	отброс
G4658	дикий варвар
G4659	мрачный
G4660	беспокоить | утруждаться
G4661	трофей
G4662	изъеденные черви
G4663	червь
G4666	смирна
G4669	смешанная со смирна
G4670	Содом
G4672	Соломон
G4673	носилки
G4674	твой
G4676	платок | головные платки
G4677	Сусанна
G4678	мудрость
G4679	умудрить | выдумать
G4680	мудрый
G4681	Испания
G4682	сотрясши | вызывать | судорога
G4683	спеленать
G4684	потакающие удовольствия | предавались наслаждения
G4685	выхватить | вытащить
G4686	полка | полк | отряд воинов
G4687	сеять | посеять | сеяться
G4688	охранник
G4689	я | изливаюсь как приношение | становлюсь жертвенное возлияние
G4690	семя | потомок
G4691	болтун
G4692	поспешить | скорее | торопиться
G4693	логово | пещера
G4694	подводные камни
G4695	осквернять | осквернить
G4696	пятно
G4697	сжалиться | жаль
G4698	сердце | любовь | внутренность
G4699	губка
G4700	пепел
G4702	засеянное поле
G4703	семя
G4704	стараться | постараться | спешить
G4706	большее усердие
G4709	старательно
G4710	поспешность | усердие | старание
G4711	корзина
G4712	стадия | в | дистанция
G4714	мятеж | разногласие | разлад
G4716	крест
G4717	распять
G4718	виноград
G4719	колос
G4720	Стахия
G4721	крыша | кров
G4722	терпеть | терпимый | покрывать
G4723	бесплодный
G4724	удаляться
G4725	венок
G4726	стон | стенание
G4727	вздохнуть | стенать | жаловаться
G4728	узкий
G4730	притеснение
G4731	твёрдый
G4732	укрепиться | укрепить | укрепляться
G4733	твёрдость
G4734	Стефан
G4735	венец | венок
G4736	Стефан
G4737	получает венок
G4738	грудь
G4739	стоить | твердо стойте | оставаться
G4740	стойкость
G4741	укрепить | утвердить | устремить
G4743	мгновение
G4744	сиять
G4745	галерея | навесные входы
G4746	ветвь
G4747	учение о началах | начальная частица
G4748	следовать | ходить | должны жить
G4749	длинные одежды | длинная одежда | стол
G4750	уста | рот
G4751	желудок
G4752	сражение
G4753	воин | отряд | солдат
G4754	воин | служил воин | сражаться
G4755	воевода | начальник стражи | начальники стражи
G4756	войско | воинство
G4757	воин | солдат
G4758	призвавшее в войско
G4760	войско
G4761	искажать
G4762	повернуться | обернуться | обратиться
G4765	маленькие птицы | малые птицы
G4766	устлать | расстилать | циновка
G4767	мерзкий
G4768	расстроиться
G4769	опора
G4770	стоический
G4771	вы | ты | ваш
G4772	родня | родственник
G4773	родственник | сородич
G4774	дозволение
G4775	сидящим вместе | сидеть
G4776	сели вместе | посадил вместе
G4777	переноси страдания
G4779	созвать
G4780	скрытый
G4781	согнуть
G4782	пойдут вместе
G4784	согласный
G4785	он | был сопричислен
G4786	составить
G4787	возбудить
G4788	поймать | заключить
G4789	сонаследник
G4790	участвуите | разделить
G4791	соучастник
G4792	похоронить
G4793	сопоставлять
G4794	скорчить
G4795	случайно
G4796	порадуйтесь вместе | радоваться | сорадуются
G4797	смутиться | приводил в замешательство | смятенный
G4798	общаться
G4799	смятение
G4800	жить будем | вместе | будем жить
G4801	соединить
G4802	спорить | обсуждать | спороть
G4803	спор
G4804	философ
G4805	товарищ
G4806	оживил вместе | оживить
G4807	тутовое дерево
G4808	инжирное дерево | дерево | инжирный
G4809	тутовое дерево
G4810	инжир | собирать инжир
G4811	клеветать | я | обидеть
G4812	соблазнить
G4814	разговаривать | рассуждать | беседовать
G4815	схватить | забеременеть
G4816	срывать
G4817	рассуждать
G4818	скорбеть
G4819	произойти | выпасть | потребоваться
G4820	складывать | сражаться | совещаться
G4821	царствовать | вместе | царствовать будем
G4822	доказывать | делая вывод | был выдвинут
G4823	дал совет | пришли к соглашение
G4824	совещание | совет
G4825	советник
G4826	Симеон
G4827	ученик
G4828	свидетельствующий | свидетельствовать | сосвидетельствует
G4829	берут доля
G4830	соучастник | сообщник
G4831	подражатель
G4832	быть подобными | подобно
G4833	уподобляться
G4836	собраться
G4837	утешиться вместе
G4838	взять | брать
G4840	присутствовать
G4841	страдаем вместе | сострадать
G4843	обнять
G4844	пить
G4845	заливать | исполняться | наступление
G4846	заглушить | душить | подавляться
G4847	согражданин
G4848	шла вместе | сопровождать | пойти
G4849	группа | пир
G4851	хороший | снеся в куча | полезный
G4852	соглашаться
G4853	соотечественник
G4854	соединить
G4855	выросшие вместе | с
G4856	подойти | сговориться | вторить
G4858	музыка
G4859	согласие
G4860	сложить
G4861	единодушный
G4862	с | вместе
G4863	собраться | собрать | собирать
G4864	синагога
G4865	вместе | сражаться
G4866	подвизаться | трудиться | вместе
G4867	собраться | собрать
G4869	сокамерник | заключенный вместе | заключённый вместе
G4870	вместе пойти | последовать | следовать
G4871	собрать
G4872	пришедшие вместе | прийти
G4873	возлежать | лежавший вместе с ним за стол | находящийся за стол вместе
G4874	общаться
G4875	успокоиться вместе
G4876	встретить | встречать | должно случится
G4878	помочь | подкреплять
G4879	последуя | будучи увлечёнными
G4880	умереть вместе | вместе умерли
G4883	слаженно скрепляясь | слаженно скрепляемо
G4884	схватить | схватывать | когда
G4886	сеть | уза | соединение
G4888	прославиться вместе
G4889	сотрудник | соработник
G4890	скопление
G4891	были воскрешены | воскресил вместе
G4892	синедрион
G4893	совесть
G4894	ведомо | разобраться | узнать
G4895	быть | бывший
G4896	когда | собраться
G4897	входить | войти
G4898	спутник
G4902	сопровождать
G4903	содействовать
G4904	сотрудник | помощник | соработники
G4905	собраться | собираться | прислать
G4906	есть | ест вместе | кушать вместе
G4907	разум | понимание | просвещённость
G4908	разумный
G4909	одобрять | согласный
G4910	пиршествующие вместе | пировать
G4911	восстать
G4912	обладаема | были охвачены | теснить
G4913	услаждаться
G4914	обычай | привычка
G4916	были похоронены | быв похоронены
G4917	разбиться
G4918	теснить
G4919	разбивать
G4920	понять | понимать
G4921	стоять | показывать | доказывать
G4922	сопровождать
G4923	попутчик
G4925	вместе созидаетесь
G4926	беседовать
G4927	рядом
G4928	уныние
G4931	окончание | завершение | закончить
G4932	обрезать
G4933	беречь | сохранять
G4934	договориться | приняли решение | сговориться
G4935	кратко
G4936	вместе побежали | сбежаться
G4937	были разбиты | разбить | мучить
G4938	разрушение
G4939	сводный брат
G4940	встретиться
G4941	Синтихию
G4944	мучиться
G4945	заговор
G4946	Сиракузах
G4947	Сирия
G4948	сириец
G4949	сирофиникиянка
G4950	отмель сирта
G4951	тянуть | выволакивать | выволочь
G4952	сотрясти | затрясти | судорога
G4953	сигнал
G4954	составляющее одно тело
G4957	распять | сораспят
G4958	обернуть | погребение | заканчиваться
G4959	вместе стенает
G4961	соратник
G4962	когда | набрать
G4963	сборище | заговор
G4964	уподобляться
G4965	Сихарь город
G4966	Сихем | Сихеме
G4967	заклание | уба
G4968	заколотые животные
G4969	убить | он
G4970	очень | сильно
G4971	неистовый
G4972	подтверждать | поставил своя печать | запечатлив
G4973	печать
G4974	лодыжка
G4975	почти
G4976	образ | вид
G4977	была разорвана | разделиться | разверзнуться
G4978	разделение | спор | дыра
G4979	верёвка
G4980	упражняться
G4981	школа
G4982	спасти | спастись
G4983	тело
G4984	телесный
G4985	телесная форма
G4986	Сопатр
G4987	собрать | отяготить
G4988	Сосфена | Сосфен
G4989	Сосипатр
G4990	Спаситель
G4991	спасение
G4992	спасение | спасительный
G4993	здавом ум | здравый ум | здравомыслить
G4994	вразумлять
G4995	здравый смысл
G4996	благоразумно
G4997	благоразумие | здравый смысл
G4998	рассудительный | здравомыслящий
G4999	Гостиница
G5000	Тавифа
G5001	порядок
G5002	назначить
G5003	сокрушаться
G5004	бедствие
G5005	несчастный
G5008	Талифа
G5009	внутренние комнаты | хранилище
G5010	порядок | благоустройство
G5011	смирить | унизить
G5012	смирение | ложное смирение | скромность
G5013	будет принижен | принижать | понизиться
G5014	унижение | смирение | унизить
G5015	движение | пусть | беспокоиться
G5016	движение
G5017	тревога | мятеж
G5018	тарсянина | тарсянином
G5019	Тарс | Тарсе
G5020	бросив в тартар
G5021	назначить | состоять | постановить
G5022	быков
G5024	также
G5028	гроб
G5029	возможно
G5030	скоро | скорее | быстро
G5031	уже скоро | скорый
G5032	быстрый
G5033	скорее
G5034	вскоре | быстро | скорее
G5035	вскоре | скорее | быстро
G5036	скорый
G5037	и
G5038	стена
G5039	доказательство
G5040	ребёнок
G5041	рожали дети
G5042	рождение ребёнка
G5043	ребёнок | сын
G5044	воспитывала дети
G5045	плотник
G5046	совершенный | зрелый
G5047	совершенство
G5048	совершить | совершенный | стала совершенной
G5050	исполнение
G5052	приносят зрелый плод
G5053	умирать | скончаться | будет приговорен
G5055	совершиться | исполнить | исполнять
G5056	конец | завершение | пошлина
G5057	сборщики налогов | сборщики податей | сборщик налогов
G5058	место где собирали налоги | сбор податей
G5059	чудо
G5060	Тертий
G5061	Тертуллом | Тертулл
G5062	сорок
G5063	сорок | сорока годы
G5064	четыре
G5065	четырнадцатый
G5066	четыре день
G5067	четвёртый | четыре
G5069	четвёрка
G5070	четырех тысячи | четырёх тысячи | четыре тысяча
G5071	четыреста
G5072	пройти | четыре месяц
G5073	вчетверо
G5074	четвероногий
G5075	четвертовластнике
G5076	тетрарх | четвертовластник
G5077	испепелить
G5078	искусство | ремесло
G5079	ремесленник
G5080	растаять
G5081	чётко
G5082	громадный
G5083	соблюдать | сохранить | стеречь
G5084	стража | тюрьма | соблюдение
G5085	Окрестности тивериады | Тивериады | Тивериадский
G5086	Тиверия
G5087	положить | поставить
G5088	родить | родиться | рожать
G5089	срывать
G5090	Тимея
G5091	почитать | чтить | уважать
G5092	честь | стоимость
G5093	драгоценный | почитать | ценность
G5095	Тимофей
G5096	Тимона
G5097	наказать | подвергать | наказание
G5099	понести
G5100	некоторый | кто | один
G5101	что | кто | почему
G5102	надпись
G5103	Тит
G5105	следовательно
G5106	поэтому
G5107	такой
G5108	такой | таковой
G5109	стена
G5110	прибыль
G5111	сметь | осмелиться | осмеливаться
G5112	более смело
G5113	дерзкий
G5117	место
G5118	столько | большой | количество
G5119	тогда
G5132	стол | застолье | меняльный стол
G5134	рана
G5135	изранить
G5137	шея
G5138	неровный | скалистый
G5139	Трахонитской
G5140	три | трое
G5141	трепетать | они
G5142	кормить | воспитанный | питаться
G5143	бежать | побежать | прибежать
G5144	тридцать
G5145	триста
G5147	дорога
G5148	три год
G5149	скрежетать
G5151	трижды | три раз
G5152	третий этаж
G5153	трёх тысячи
G5154	третий | третьи разы
G5156	трепет
G5157	перемена
G5158	образ | именно | как
G5159	терпеть
G5160	пища | еда
G5161	Трофим
G5162	мать
G5164	круг
G5165	блюдо
G5166	собирать
G5167	горлица
G5168	ушко
G5170	Трифену
G5171	жили в роскошь
G5172	роскошно | наслаждение
G5173	Трифосу
G5174	Троаду | Троаде | Троады
G5176	есть
G5177	достигнуть | необычайный | наслаждаться
G5179	образец | образ | пример
G5180	бить | ударять | ударить
G5181	Тиранн
G5183	тирян
G5184	Тир | Тире
G5185	слепой | слепнуть
G5186	ослепнуть | ослепить
G5187	возгордиться | надменный
G5189	ураганный
G5190	Тихик | Тихика
G5195	оскорблять | подвергнется издевательства | публично
G5196	вред | бедствие
G5197	наглый | обидчик
G5198	здравый | здоровый | выздороветь
G5199	здоровый | исцелить | выздороветь
G5200	зеленеть
G5201	сосуд | кувшин
G5202	пей одна вода
G5203	страдающая водянка
G5204	вода
G5205	дождь | ливень
G5206	усыновление
G5207	Сын
G5208	лес
G5211	Именей
G5212	ваш
G5214	спев гимн | воспевать
G5215	гимн
G5217	идти | пойти | уходить
G5218	послушание | покорение | повиновение
G5219	повиноваться | подчиняться | послушаться
G5220	замужний
G5221	встретить | вышел навстречу | противостать
G5222	навстречу
G5223	собственность
G5225	быть | имущество
G5227	враждебный
G5228	за | ради
G5229	возвышаться
G5230	перезрелый
G5231	гораздо выше | превыше
G5232	безгранично возрастает
G5233	нарушать закон
G5235	преизобилующее | превосходящий
G5236	чрезвычайно | превосходный
G5237	оставив без внимание
G5238	пределы чрезвычайные | ещё сильнее | гораздо больше
G5240	переполненный
G5241	ходатайствовать
G5242	высокий | выше | превосходство
G5243	гордость
G5244	гордый | гордец | высокомерный
G5245	одерживаем более чем победа
G5246	напыщенный | надменно
G5247	превосходство | руководство
G5248	стала преизобиловать
G5250	преизбыток | явиться
G5251	превознести
G5252	высокомудрствуйте
G5253	верхняя комната
G5254	подвергнуть
G5255	покорный | послушный
G5256	послужить | помогать
G5257	служитель | служители храма
G5258	сон | в
G5259	под | от
G5260	подослать
G5262	пример
G5263	показать | предупредить | научить
G5264	принять | гостеприимно приняла
G5265	обувать | надеть | обуть
G5266	сандалия | обувь
G5267	подсудный
G5268	ослица
G5269	обвязывая канаты
G5270	под | подошва
G5271	притворяться
G5272	лицемерие | лицемер
G5273	лицемер
G5274	думать | отвечать | скрыть
G5275	остаться
G5276	давильня
G5278	терпеть | выдержать | остаться
G5279	напомнить | напоминать | вспомнить
G5280	напоминание
G5281	терпение | стойкость
G5282	принимать | предполагать | стали подозревать
G5283	подозрение
G5284	проплыли под прикрытие | пошли под прикрытие
G5285	легко подул
G5286	подножие | подставка для ног
G5288	я | уклониться
G5290	вернуться
G5291	расстилать
G5292	покорность
G5293	подчиняться | подчинить | повиноваться
G5294	подставить | излагать
G5295	проскочить | мимо
G5296	пример
G5297	перенести
G5298	уходить | удалиться
G5299	она | надоедать | усмирять
G5300	свинья
G5301	иссоп
G5302	нуждаться | хватать | закончиться
G5303	недостаток | бедность | отсутствие
G5304	бедность | нужда
G5305	наконец | потом | поздний
G5306	последний
G5307	соткать
G5308	высокомерно | высокий | высоко
G5309	возноситься ум
G5310	Всевышний | Вышний | Вышина
G5311	высота | свыше
G5312	возвысить | поднять | возвышать
G5313	высота
G5314	обжора
G5316	светить | явиться | сиять
G5317	Фалека
G5318	явный | известный | видимо
G5319	был явлен | явить | явиться
G5320	открыто | ясно
G5321	проявление
G5322	факел
G5323	Фануила
G5325	торжественность
G5326	призрак
G5327	впадина
G5328	фараон
G5329	Фареса
G5330	фарисей
G5334	донесение
G5335	подтверждать | заявлять | претендовать
G5336	кормушка для скота | кормушка
G5337	зло | плохой | злой
G5338	свет
G5339	пощадить | жалеть | он
G5341	плащ
G5342	принести | приносить | привести
G5343	убежать | убегать | бежать
G5344	Феликс
G5345	слух
G5346	сказать | ответить | говорить
G5347	Фест
G5348	достигнуть | прийти | опередить
G5349	тленный | смертный
G5350	произносить | проговорить
G5351	разорить | разрушать | разрушаться
G5352	осенний
G5353	голос | тон
G5355	зависть | ревность
G5356	тление | разложение | истребление
G5358	любящий добро
G5360	братолюбие | братская любовь
G5362	любящие мужья
G5363	человеколюбие
G5364	человеколюбивый
G5365	любовь к деньгам
G5366	любители серебра | жадный
G5367	себялюбивый
G5368	любить | любящий
G5369	любящее удовольствие
G5370	поцелуй
G5371	Филимон
G5372	Филит
G5373	дружба
G5374	филиппийцы
G5375	Филипп | Попрощаться
G5376	Филипп
G5377	любящий бог
G5378	Филолог
G5379	спор
G5380	спорщик
G5381	гостеприимство
G5382	гостеприимный
G5383	любящий первенствовать
G5384	друг
G5385	философия
G5386	философ
G5387	нежно любящие
G5388	любящие дети
G5389	усердно старался | стараться
G5390	любезно
G5392	замолчать | прекрати шуметь | закрывай рот
G5393	Флегонт
G5394	воспламенять | воспламеняться
G5395	пламя
G5396	сплетничать
G5397	болтливый
G5399	бояться | испугаться
G5400	ужасное явление
G5401	страх
G5402	Фиву
G5403	Финикию | Финикии
G5404	финиковый
G5405	Финикса
G5406	убийца
G5407	убивать | убить
G5408	убийство
G5409	носить | он | будем носить
G5410	площадь
G5411	налог
G5412	обременять
G5413	бремен | бремя | груз
G5415	Фортуната
G5416	кнут
G5417	бичевание
G5418	ограда | забор | преграда
G5420	был закрыт
G5421	колодец
G5423	обманщик
G5424	мышление
G5425	трепетать
G5426	мыслить | думать | осмысливать
G5427	мышление | мысль
G5428	образ мыслей | понимание
G5429	премудрый | благоразумный | мудрый
G5430	мудро
G5431	быть прилежными
G5432	сохранить
G5433	стали дерзкими
G5434	хворост
G5435	Фригию | Фригии
G5436	Фигелл
G5438	тюрьма | темница | стража
G5439	сажал в тюрьма
G5441	охрана | стражник | охранник
G5442	сохранить | соблюдать | охранять
G5443	колено | племя | род
G5444	лист | плод инжира
G5445	тесто | смесь | тест
G5446	естественный | руководимые инстинкты
G5447	природа
G5448	возгордиться | гордиться | вы
G5449	природа | природный | противоестественный
G5452	посадить | сажать | насаждать
G5453	взойти
G5454	нора
G5455	позвать | звать | прокричать
G5456	голос
G5457	свет
G5458	светило
G5459	утренняя звезда
G5460	светло | осветить
G5461	просветить | освещать | просвещать
G5463	радоваться | обрадоваться
G5465	спустить | закинуть | опустить
G5466	Халдей
G5467	тяжёлый
G5468	обуздывать | обуздать
G5469	узда
G5471	кузнец
G5473	медный | посуда
G5475	деньга | медь
G5476	земля
G5477	Ханаане | Ханаан
G5479	радость
G5480	граверовке
G5482	вал
G5483	простить | даровать | прощать
G5484	причина | для | ради
G5485	благодать
G5486	дар
G5487	получившая благодать | наделить
G5488	Харране
G5489	бумага
G5490	пропасть
G5491	рот | губа | уста
G5492	поскольку | бросало шторм
G5493	поток
G5494	зима | зимой | ненастье
G5495	рука
G5496	ведя за рука | быв поведён за рука
G5497	поводырь
G5498	список долгов
G5499	рукотворный
G5500	рукоположить
G5501	плохой | большой | нибудь ещё хуже
G5503	вдова
G5504	вчера
G5505	тысяча
G5506	тысяченачальник | тысяченачальнику
G5507	тысяча
G5508	Хиос
G5509	одежда | хитон | плащ
G5512	насмехаться
G5514	Хлоиных
G5515	зелёный
G5517	прах
G5519	свинья
G5520	злиться
G5521	жёлчь
G5522	пыль
G5523	Хоразин
G5525	танец
G5526	насытиться | дать досыта | наесться
G5527	пропитание
G5528	трава | росток | сено
G5529	Хузы
G5530	пользоваться | воспользоваться | поступать
G5531	одолжить
G5532	нужда | нужно | необходимость
G5533	должник
G5534	должный
G5535	нужно | вы | будет нуждаться
G5536	деньга | имеющее богатство | богатство
G5537	объявить | получил указание | стали называться
G5538	Провиденье
G5539	польза
G5540	употребление
G5541	проявляет милосердие
G5542	приятная речь
G5543	добрый | хорошо | доброта
G5544	доброта | добро
G5545	помазание
G5546	христианин
G5547	Христос
G5548	помазать
G5549	что | задерживаться | медлить
G5550	время
G5551	потерять время
G5552	золотой
G5553	золото
G5554	золотой перстень
G5557	золото
G5559	тело
G5560	хромой | хрома | нога
G5561	страна | местность | область
G5562	место | вместимость | вмещаться
G5563	отделяться | отделить | пусть
G5564	земля | место | участок земли
G5565	без | вне
G5566	северо запад
G5567	буду петь | быть | петь
G5568	псалом
G5571	ложный
G5572	лжеучитель
G5573	обманщик
G5574	лгать | солгать | чтобы
G5575	лжесвидетель
G5576	лжесвидетельствовать | давай ложные показания | произноси ложные свидетельства
G5578	лжепророк | ложные пророки
G5579	ложь | обман | ложный
G5580	лжехристы
G5581	называть
G5582	лживость
G5583	лжец
G5584	потрогать | ощупь узнают | прикасаться
G5585	подсчитать
G5586	голос
G5588	сплетник
G5589	крошка
G5590	душа | жизнь
G5591	душевный
G5592	холодно | холод
G5595	накормить | раздам по кусочек
G5596	кусок | кусок хлеба | иуда взял этот кусок
G5597	растирать
G5599	О
G5601	Овида
G5602	здесь | сюда
G5603	песня
G5604	родовые схватки | цепь | родовая схватка
G5606	плечо
G5608	купить
G5609	яйцо
G5610	час | время
G5611	Красивый | Прекрасный
G5613	как | когда
G5614	Осанна
G5615	точно | образ | так
G5616	около | как | приблизительно
G5617	Осии
G5618	как
G5620	поэтому | итак | что
G5621	ухо
G5622	польза | выгода
G5623	польза | принести
G5624	полезно | польза
G6965	Ареопаг
G7205	Арния
G7695	более слабыми
G8205	более без честь
G8475	изменяла муж
G8495	хвастаться
G8627	неповреждённость
G8795	отнять
G9495	надёжный
G9555	игольный
G10235	немного
G10855	Герасинцев | Гадаринскую | Гадаринской
G11775	восемнадцать
G12075	вторые разы | второй
G12445	очистить
G12755	постоянные споры
G13155	издеваться
G13263	пока | размышлять
G13565	надлежащий порядок
G14255	оскорблять
G14555	унывать
G14605	хвалиться
G15675	бесполезные споры
G15695	изумляться
G16005	броситься
G16525	несчастный
G17005	язвительность
G17525	девяносто
G17595	отсюда
G17745	умолять
G17845	почётный
G18835	поэтому | проклятый
G18985	прийти
G19525	лизать
G19805	собраться
G19875	возмущение
G21037	благородный
G21157	радостно
G21375	постоянство
G21465	Евракилон
G23495	беспокоиться
G23977	особо
G24105	жертва идолу
G24635	равный
G24785	сильный | более сильный
G25375	новый
G25805	Кананиянина
G26135	обвинительный приговор
G27205	благословить
G27335	поселить
G28245	носилки
G29785	лопнуть
G30613	опасная зараза
G30617	конец концов | наконец
G31085	более счастлива
G31115	долго
G33463	превратиться
G33985	малый | маленький
G35125	младший | молодой | юноша
G36205	строитель
G36405	немного | мало
G36435	едва
G36585	туман
G38035	Ареопаг
G38355	повсюду
G39175	служащий
G40145	развести
G41175	большой | более | долгий
G41775	много | сильно | очень
G42385	кротость
G42625	овца
G43105	отец
G43195	попрошайка | слепой
G43455	присоединиться
G44165	впервые
G44365	часто
G44375	часто
G44505	Пирров
G46185	зерно
G46805	мудрый
G47135	мятежник
G47735	родственница
G48445	он | обрушиться
G48525	польза
G48717	склонять
G49015	присоединиться
G51015	Титий
G51535	третьи разы | третий
G51785	прообраз
G52747	остаток
G54303	мудрый
G99237	писать | стал писать
G99241	низко наклонившись
H1	отец
H2	отец
H5	Авагфе
H6	погибнуть | уничтожить | истребить
H9	потерянный
H12	уничтожение
H13	гибель
H14	согласиться | желать | захотеть
H22	Авиила
H23	Авиасаф
H24	авив | колоситься
H26	Авигея
H28	Авида
H29	Авий
H30	Авиуда | Авиуд
H32	Абихаила
H34	бедный | нищий
H39	Авимаила
H40	Авимелех | Авимелеху | Авимелеха
H41	Авинадава | Авинадав
H44	Авиезера
H46	Сильный
H47	начальник
H50	Авишуя
H52	Авесса | Авессе
H54	Авиафар | Авиафару
H56	скорбеть | печалиться | рыдать
H57	плач | скорбеть
H59	камень
H60	плач | скорбь | оплакивание
H61	Нет | Наверное | Но
H67	Авель | Мицраим
H68	камень
H69	камень
H70	стул для родов
H72	Авен езере | Авен езера | Авен езер
H73	пояс
H74	Авенир
H76	нарыв
H77	Авец
H79	бороться
H80	пыль
H85	Авраам
H86	колено
H87	Аврам
H90	Агага | Агаг
H91	вугеянина | вугеянину | вугеянином
H92	пучок
H95	монета
H98	озеро
H101	чаша
H104	письмо
H105	блюдо
H106	кулак
H107	письмо
H108	пара
H109	мучить
H110	Адбеел
H112	Иддо
H113	господин
H114	Херув аддона
H116	тогда | затем | время
H117	знатный | великий | величественный
H118	Адалью
H119	окрашенный в красный цвет
H120	человек
H121	Адам
H122	красный
H123	Едом | Едома | Идумеев
H124	рубин
H126	Адмы | Адму
H127	земля
H128	адам
H129	Ады некева
H130	идумей
H131	Адуммима
H132	рыжеватый | красный
H133	Адмафа
H134	основание
H135	Аддан
H136	Господин | Господь
H138	адония
H139	Адониседек
H140	Адоникама
H142	славный
H143	адар
H144	Адар
H146	Аддару
H149	усердно
H150	на | драхма
H153	сила
H154	Едреи | Едрея
H155	одежда | царская одежда
H157	любить | полюбить | друг
H160	любовь
H161	Огад
H162	Увы
H163	Агава
H167	передвинул шатёр
H168	шатёр
H171	Аголиава | Аголиав
H173	Оливема | Оливемы | Оливему
H175	Аарон
H176	или
H177	Уесть
H178	вызывательниц духи умершие | вызывательницу духи умершие | вызывательница духи умершие
H182	связь | повод | о
H185	желание
H186	Узая
H187	Узала
H188	Гора
H189	Евия
H194	Может быть | Мочь
H199	однако | хотя | быть
H201	Омар
H202	мощь
H204	город
H205	идолопоклонство
H208	Онам
H209	Онан | Онану
H211	Офира
H212	колесо
H213	уговаривать | торопить | спешить
H214	сокровищница | хранилище
H215	светить | освещать | просветлеть
H216	свет | рассвет
H218	Ура | Уре
H219	свет
H221	Урии | Урий
H223	Урии | Урия
H224	урим | уримом
H225	согласиться | соглашаться
H226	знамение
H227	тогда | пора
H231	иссоп
H235	закончиться
H236	отправиться | ходить | пойти
H237	Азель
H238	услышать | будешь прислушиваться | слушать
H241	ухо
H243	Азноф фавор
H245	Азании
H247	опоясываться
H249	коренной житель
H251	брат
H252	брат
H259	один
H260	камыш
H268	назад | задняя сторона | сзади
H269	сестра | другой
H270	схватить | держать | охватить
H272	владение
H273	Ахзая
H276	Ахузаф
H278	Эхи
H281	Ахий
H285	Ахитува
H288	Ахимелеху | Ахимелеха | Ахимелех
H289	Ахимана
H290	Ахимааца
H293	Ахиноама | Ахиноамь | Ахиноаму
H294	Ахисамаха
H306	аметист
H307	Екбатане
H309	задерживать | задержаться | замедлить
H310	после | за | потом
H312	другой
H314	последний | следующий | другой
H319	конец
H322	задом | были обращены назад | назад
H323	сатрап | правитель
H325	Артаксеркса | Артаксеркс | Артаксерксу
H327	царские скакуны
H328	медленно
H329	Гаатада | Гаатаде
H333	Атера | Атер
H335	где | откуда
H339	прибережный | остров
H340	враждовать буду
H341	враг
H342	вражда
H343	беда
H345	Аиа
H346	Где
H350	Ихавод | Иохаведа
H352	баран | баранов | бараний
H355	лань
H356	Елона
H357	Аиалон | Аиалона
H362	Елим | Елима | Елимом
H364	Эл | Фарана
H367	страх | ужас
H368	эмимов
H369	нет | быть | не
H370	откуда
H371	нет
H374	ефы | и | ефой
H375	Где
H376	человек | мужчина | каждый
H383	быть
H384	Ифиила
H385	Ифамара
H386	твёрдый | обычное течение
H389	только
H390	Аккад
H392	Ахзив
H397	Анхус | Анхусу | Анхуса
H398	есть | съесть
H400	еда | сколько сможет съесть
H402	пища | будут им пища | еда
H403	Наверное | Действительно
H407	Ахсафа | Ахсаф
H408	не
H410	Бог | Бог всемогущий
H411	этот | это
H412	этот
H413	к | в
H420	Елдага
H422	связал клятва
H423	клятва | проклятие
H424	дуб
H425	Есть | Эла
H426	Бог
H427	дуб
H428	этот | это | тот
H430	Бог
H433	Бог
H435	элула
H436	дубрава
H437	дуб
H438	дуб
H439	Дуб плача
H441	начальник
H446	Елиав | Елиава
H451	курдюк
H452	Елия
H453	Илия
H454	Елиоенай | Эльегоенай
H458	Елимелех | Елимелеха | Елимелеху
H461	Елиезер | Елиезером
H464	Елифаза | Елифаз | Елифазу
H467	Елифелет
H469	Елцафан
H471	Елиаким
H472	Елисавета
H473	Елиса
H475	Елияшива | Елияшив
H479	этот | тот | это
H481	вязать
H483	немой
H485	сноп
H486	Алмодада
H487	аламелех
H490	вдова | вдовый
H491	вдовство
H494	Элнафаном
H495	Елласара
H499	Елеазара | Елеазар | Елеазару
H501	Эласа
H505	тысяча | две тысяча
H507	Елеф
H511	Елкана | Елкану
H513	елфолад | елтолад
H514	Елтеке | Елфеке
H515	Елтекон
H517	мать
H518	если
H519	рабыня
H520	локоть | два локоть
H521	локоть
H523	племя
H524	народ
H526	Амон
H530	надёжный | верность
H532	Амия
H535	истощаться
H537	жалкий
H538	ама
H539	поверить | верный
H543	Аминь
H545	воспитание
H546	верно
H548	верный завет | чтобы | обеспечение
H551	правда
H552	вправду
H553	будь мужественным | сильнее будет | будьте мужественными
H557	Амция
H559	сказать | говорить
H560	сказать | мы | говорить
H561	слово
H563	ягнёнок
H564	Иммера
H565	слово
H566	Имрия
H567	аморреев
H568	Амарии | Амария
H569	Амрафела | Амрафелом
H570	вчера | прошлой ночью
H571	истина | верность | верный
H572	мешок
H573	Амафии
H575	куда | пора | где
H576	я
H577	О
H579	допустить
H581	Как
H583	Енос | Еноса
H584	вздыхать
H586	Мы
H587	мы
H588	Анахараф
H589	Я
H591	корабль
H595	я
H597	принуждать
H599	ты | прогневаться
H606	человек
H611	несчастие
H613	тюремное заключение
H614	собирание
H615	узник
H617	Асир
H619	Асна
H620	Аснафар
H621	Асенефа
H622	собраться | собрать | был взят
H623	Асаф
H624	хранилище
H629	усердно | быстро | немедленно
H630	Асфафу
H631	запрячь | соединить
H634	Асардана
H635	Есфирь | Есфири
H636	древесина | бревно
H637	неужели | более | тоже
H639	гнев | лицо
H640	обвязать
H642	ефод
H644	пекарь | испечь | печь
H645	тогда | теперь
H646	ефод
H647	Афия
H648	поздно созревают
H653	кромешный
H656	кончиться
H657	конец
H658	Ефес даммиме
H661	охватить
H662	сдерживаться | решиться | сдержаться
H663	Афека | Афеке | Афек
H664	Афека
H665	пепел
H669	Ефрем
H670	апарсы
H671	афарсахеи | афарсафхеи
H672	Ефрафы | Ефрафу | Ефрафе
H673	ефрафяне | ефрафянин | ефрафянина
H674	и | казна
H675	Эцбон
H676	палец
H678	руководитель
H680	сохранить
H681	рядом | возле | около
H686	приставить
H687	Эцер | Эцера
H692	Арели
H693	засада | подстерегать | устроите засада
H694	арав
H697	саранча
H699	окно
H702	четыре | четыреста | четырнадцатый
H703	четыреста
H705	сорок
H707	тканый | ткач | мастер узоров
H712	ящик
H713	багряный
H714	Ард
H721	арвадеев
H722	Ароди
H724	полнота
H727	ковчег
H730	кедровый
H733	Араха
H734	обычный | путь
H736	караван
H738	лев
H740	Ариэлом
H742	Аридая
H743	Аридафу
H746	Ариоха | Ариохом
H747	Арисая
H748	продлиться | длиться
H749	подобать
H750	долготерпеливый | медленный
H751	Эрех
H753	длина
H756	арехьяне
H757	Архи
H758	Арам
H761	арамея | арамею
H762	арамейски
H763	Месопотамию
H765	Аран
H769	Арнон
H772	земля
H775	Арфакшад | Арфакшада
H776	земля
H779	проклятый | проклясть | проклинать
H780	Арарат
H781	обручить
H783	Артаксеркса | Артаксерксу | Артаксеркс
H784	огонь
H787	фундамент | и
H788	Ашбел
H790	Эшбан
H794	подгорье
H795	Азот
H796	азотяне | азотский | азотян
H797	азотски
H801	жертва огня | огненное приношение
H802	жена | женщина
H804	Ассирии | Ассирию | Ашшур
H805	Ашурим
H811	гроздь
H812	Эшкола | Эшкол
H813	Ашкеназ
H815	тамариксом | роща
H817	жертва повинности | вина
H818	виновный | и | принесут в жертва
H819	вина | вино | в
H821	стража | время стражи
H823	Ашна
H824	Ешан
H830	Навозный | Из | Куча навоза
H831	Аскалон
H832	аскалонский
H833	будут называть меня счастливой
H834	который | что | как
H836	Асир
H837	счастливый
H842	роща
H844	Асриила
H846	и | стена
H847	Ештаол
H849	восстание
H851	Ештемо | Естемоа
H853	и
H855	мотыга
H858	прийти | послать
H859	ты | вы
H860	ослица
H864	Ефаме
H865	вчера и третий день | вчера
H870	место | на
H873	злой
H875	колодец | было много ям
H881	Беерофа | Беероф | Бероф
H882	Беэра
H883	Беэр лахай рои
H884	Вирсавия
H887	засмердеть | стал отвратительным | сделав меня отвратительным
H893	Бевая | Бевай
H894	Вавилон
H895	Вавилон
H896	вавилонянин
H898	обошёлся коварно | поступили неверно
H899	одежда
H902	Бигвая | Бигваем | Бигвай
H903	Бигфе
H904	Гавафа | Гавафе
H905	шест | один | отдельно
H906	лён
H908	выдумывать
H911	Бедада
H912	Бидья
H914	отделиться | отделить | отделять
H916	бдолах
H917	Бедана
H922	пустой
H923	порфир
H924	поспешно
H926	задрожать | устрашиться | потрясти
H929	животное | скот
H931	большой палец
H932	Богана
H935	прийти | прислать | войти
H937	опозорить
H938	Вуз
H939	презирать
H942	Баввай
H943	растерянность | был в смятение
H948	тонкими льняными | тонкая льняная ткань
H949	Боцец
H953	яма | ям
H954	они | стыдиться | задерживаться
H955	стыд
H959	презирать | презреть | пренебречь
H961	добыча | грабёж
H962	разграбить | забрать | будем грабить
H963	пренебрежение
H964	Визиофея
H966	Везеке
H968	Бизфе
H970	молодой | юноша
H974	будете испытаны | будут испытаны
H977	выбрать | избрать | избранный
H983	безопасность
H989	остановить | остановиться | останавливать
H990	утроба | были в утроба | изнутри
H991	Ветен
H992	фисташка
H993	Ветонима
H994	О
H995	понимать | понять | рассудительный
H996	и | между
H1001	крепость
H1002	крепость
H1004	дом
H1005	дом
H1007	Беф авеном | Бефавен | Беф авена
H1008	Вефиля | Вефиль | Вефилем
H1010	Беф ваал меон
H1016	Беф дагон
H1020	Беф иешимофу | Беф иешимоф
H1021	Беф карем
H1022	Вифлеем
H1024	Беф маркавоф
H1025	Беф емеке
H1026	Беф арава | Беф аравы
H1027	Беф гарам
H1030	вефсамитянина
H1031	Беф хогле | Беф хоглы | Беф хогла
H1032	Беф орона | Беф орон | Беф ороном
H1033	Вефхором
H1034	беф леваоф
H1035	Вифлеем
H1039	Беф нимра
H1041	Беф азмавефа
H1042	Беф аноф
H1043	Беф анаф
H1046	Веф палеты | Беф палета
H1047	беф фегор
H1048	Беф пацец
H1049	Беф цур
H1052	Беф сан
H1053	Вефсамису | Вефсамиса | Вефсамис
H1054	Беф таппуах
H1055	дворец
H1058	плакать | заплакать | оплакивать
H1059	плач
H1060	перворождённый
H1061	первые плоды
H1062	первородство | перворождённый
H1064	Бехорафа
H1065	плач | плакать
H1067	перворождённый
H1068	оплакивание
H1071	Бехер
H1083	Вилга | Вилги
H1084	Вилгай
H1086	обветшание | износиться | изнашиваться
H1087	износить
H1088	Вал
H1090	Валла | Валлы | Валлу
H1092	Билган
H1093	налог
H1097	без | не
H1100	негодный | негодная женщина | были негодными
H1101	смешать | смешанный
H1104	проглотить
H1106	Бел | Бела
H1107	кроме
H1109	Валаам
H1111	Валак
H1114	Билшаном
H1116	возвышенность
H1120	Вамоф ваал
H1121	сын
H1123	сын | детёныш
H1124	строить | отстроить | строиться
H1126	Бенони
H1129	построить | строить
H1131	Биннуй | Биннуя
H1137	Вания | Ванаия
H1138	Вунний | Вунния
H1139	Бен верак
H1141	Бенаия | Венаия
H1143	сильный
H1144	Вениамин
H1145	сын вениамина | вениамитянин
H1147	здание
H1148	Венинуй
H1151	Бен амми
H1152	Бесодии
H1153	Бесая | Весая
H1157	за | через | всё
H1158	были обнаружены
H1160	Веора
H1162	Вооз | Вооза
H1163	попирать
H1165	скот
H1166	иметь
H1167	хозяин | муж | человек
H1168	Ваалов | Ваалам
H1169	советник
H1171	Ваал гад
H1172	женщина
H1173	Ваала | Ваале | Ваалы
H1175	Валоф
H1177	Баал ханан
H1189	Ваал цефоном
H1191	Ваалаф
H1192	Ваалаф беера
H1195	Бааны
H1196	Ваан | Вааной
H1197	гореть | сгорать | опустошить
H1200	пожар
H1203	Беештеру
H1204	мучить | ужаснуться
H1209	Бецая | Вецая | Бецай
H1212	Веселеил | Веселеила
H1213	Бацлуфа | Бацлифа
H1215	выгода | польза
H1216	распухать
H1217	тесто | тест
H1218	Воцкаф
H1219	укрепить | отняться | собиратели винограда
H1221	Бецер
H1224	Восоры
H1227	Бакбука
H1229	Бакбукия
H1231	Буккия
H1234	прорваться | нарубать | раздеть
H1235	полшекеля | бек
H1237	долина | равнина
H1240	было расследовано | расследовать | поискать
H1241	крупный скот
H1242	утром | утро
H1245	искать
H1246	просьба
H1247	сын
H1250	зерно
H1254	создать | расчистить
H1259	град
H1260	Баредом
H1261	пятно
H1262	выбрать
H1263	Варух | Варуха
H1270	железо
H1271	Верзеллия
H1272	бежать | сбежать | убегать
H1277	полный | толстый
H1280	перекладина | засов
H1283	Бриа | Брий
H1285	завет
H1288	благословить | благословенный | благословлять
H1290	колено
H1293	благословение
H1295	пруд
H1296	Берехии | Верехии
H1297	однако
H1298	Бер
H1300	молния
H1302	Баркоса
H1304	изумруд
H1305	отборный
H1306	Бирши
H1308	Восор
H1310	сварить | варить | варя
H1311	сварить
H1312	Бишлам
H1314	аромат | ароматный
H1315	Васемафы | Васемафу | Васемафа
H1316	Васане | Васана | Васан
H1319	благовестник | нести хорошая новость
H1320	плоть | мясо
H1322	позор
H1323	дочь
H1325	бат
H1328	Вафуила | Вафуил
H1329	Вефул
H1330	девственница
H1334	разрубить
H1335	часть
H1342	высоко | вознестись
H1347	величество
H1350	выкупить | родственник искупитель
H1351	были исключены
H1352	осквернить
H1353	право выкупа | выкуп
H1361	был он выше | подняться
H1363	высота
H1364	высота | высоко высоко | высокий
H1366	граница | предел
H1367	граница
H1368	сильный | могучий | очень
H1369	побеждать | могущество
H1373	Габбай
H1375	чашечка | чаша
H1376	господин
H1379	начерти пределы | граничить
H1382	гевалитов
H1383	витой
H1387	Гевы | Гиве | Гева
H1389	холм | гивеат гааралоте
H1390	Гиву | Гиве | Гива
H1391	Гаваона | Гаваон | Гаваоне
H1392	цвести
H1393	гаваонитянин
H1394	Гивеаф
H1396	подняться | побеждать | превышать
H1397	по | человек | мужчина
H1400	мужчина | человек
H1402	Гиббара
H1404	госпожа
H1405	Гиввефон
H1406	крыша | верхняя часть
H1407	кориандр
H1409	Удача
H1410	Гад
H1415	берег
H1416	толпа
H1419	великий | большой | больший
H1420	величие
H1423	козлёнок
H1425	гадитам | гадиты | гадитов
H1430	копна
H1431	вырасти
H1432	возвеличиваться | расти
H1435	Гиддела
H1436	Гедалий
H1438	отрубить
H1445	Гадера
H1446	Гедор
H1447	надёжная стена
H1448	загон
H1449	Гедера
H1450	гедероф
H1453	есть гедерофаим
H1458	спина
H1464	будет нападать
H1469	молодой голубь
H1471	народ
H1472	тело
H1473	переселение | переселенец
H1474	Голан
H1476	Гуни
H1478	выдохнуть | погибнуть
H1479	закрывать
H1481	жить | жил чужим | жили чужими
H1482	детёныш
H1486	жребий
H1489	казначей
H1490	казначей
H1494	стричь | стригущий | стрижка
H1496	тёсаные камни
H1497	отнять
H1502	Газзама
H1504	было решено
H1506	часть
H1507	Газер | Гезер
H1511	гирзеян
H1512	живот
H1514	Гахама
H1515	Гахара
H1516	долина
H1517	жила
H1521	Гихон
H1530	груда | источник
H1533	Гелвуе
H1537	Галгал | Галгале | Галгала
H1538	человек
H1540	открыться | открыть | явиться
H1541	переселить
H1542	Гило
H1543	источник
H1546	пленник
H1547	переселение
H1548	побриться
H1550	кольцо
H1551	Галилея
H1552	область
H1553	Гелилофу
H1554	Галлима
H1555	Голиаф
H1556	откатить | прикатить | тогда откатят
H1559	Галала
H1560	огромный | больший
H1562	Гилалай
H1567	Галаадом | Галаад
H1568	Галаад | Галаада | Галааде
H1569	галаадитянина
H1571	и | также | тоже
H1572	Дай мне попить
H1573	тростник
H1576	поступок
H1580	был отнят от грудь | сделать | грудь
H1581	верблюд
H1585	совершенный
H1586	Гомер | Гомера
H1588	сад
H1589	украсть | верно
H1590	вор
H1591	украсть
H1594	сад
H1595	казна
H1596	сокровище | сокровищница
H1599	Гиннефон | Гиннефой | Гиннефона
H1600	мычать
H1605	бранить | ругать
H1608	Гааш
H1609	Гафам
H1612	виноградная лоза
H1613	гофер
H1614	сера
H1616	переселенец | чужеземец | гость
H1617	Гера
H1622	гергесеев | гергесеи
H1626	гера
H1630	Гаризим
H1634	крепкий
H1637	гумно | горный
H1639	уменьшать | уменьшить | пусть
H1642	Герар | Герара | Гераре
H1644	прогнать | выгнать | изгнать
H1647	Гирсам | Гирсон
H1648	Гирсона | Гирсон
H1649	гирсонитов
H1650	Гессур
H1651	гессурян
H1653	дождь
H1654	Гешем | И | Гешему
H1657	Гесем | Гошен
H1658	Гишфа
H1660	давильня
H1661	Гефа | Геф | Гефе
H1662	Геф хефер
H1663	гефский
H1664	Гиффаиме
H1666	Гефер
H1667	Гаф риммон
H1672	стал беспокоиться | беспокоиться
H1673	Доик | Доику
H1674	беспокойство
H1677	медведь
H1681	слух
H1683	Девора
H1684	где приносят
H1685	жертва
H1688	Давира | Давир | Девиру
H1690	связки инжира
H1692	прилепиться | догнать | держись рядом
H1696	говорить | сказать
H1697	слово | дело
H1698	чума | моровая язва | язва
H1705	Даврафу | Давраф
H1706	мёд | соты мёда
H1708	Дабешефу
H1709	рыба | рыбный
H1710	рыба
H1711	умножиться
H1712	Дагона | Дагон
H1715	зерно
H1719	Дедана | Дедан
H1721	Доданим
H1722	золото | золотой
H1730	дядя
H1731	кастрюля
H1732	Давид
H1733	тётка
H1736	мандрагора | мандрагоровый
H1746	Дума
H1755	поколение
H1756	Дора | Нафоф дора | Нафаф дора
H1765	поспешно | поспешить | спешить
H1767	достаточно | когда | год
H1768	который | что | чтобы
H1769	Дивона | Дивон | Дивоне
H1776	Димона
H1777	будет судить | быть | бороться
H1778	судить
H1779	суд
H1780	суд
H1781	судья
H1782	судья
H1783	Дин | Дина
H1784	динеи
H1787	Дишон
H1789	Дишан | Дишона | Дишана
H1791	этот
H1798	баранов
H1799	запись
H1800	бедный
H1802	набрал вода | набрать вода
H1803	худой
H1806	Делайи | Делаия | Делаии
H1810	дилеан
H1813	Далфона
H1814	гнаться | погоня | сжечь
H1817	дверь
H1818	кровь
H1819	думать
H1820	уничтожить
H1823	подобие
H1826	стоить | застынуть | стоять
H1829	димну
H1831	выжимать
H1834	Дамаск
H1835	Дать
H1836	это | этот | поэтому
H1837	данна
H1838	Дингава
H1840	Даниил
H1844	знание
H1847	знание | познание
H1849	гнать
H1851	тонкий | худой
H1853	Диклу
H1854	мелко | порошок
H1856	ударить
H1858	перламутр
H1861	рожон
H1863	сорняк
H1865	самотёчный
H1867	Дарий
H1868	Дарий
H1869	ступить | ступать | давящий
H1870	дорога | путь
H1871	драхма
H1874	Даркона
H1875	искать | потребовать | спрашивать
H1876	произвести
H1877	росток
H1878	пепел
H1881	указ | закон
H1882	закон
H1886	Дофан | Дофане
H1887	вот
H1892	пустота
H1893	Авель
H1896	Гегая | Гегай
H1897	будешь ты размышлять
H1904	Агарь | Агари
H1908	Гадад
H1912	Индия
H1913	Гадорамa
H1918	мирт
H1919	Гадассы
H1920	прогнать
H1921	угождать
H1924	Гадар
H1931	он | тот | это
H1932	в
H1933	быть
H1934	быть | пусть
H1937	Годевы
H1938	Годавии
H1940	Годия
H1941	Годия
H1944	Гогаму
H1946	дойти | отвезти | идти
H1949	пришёл в движение | зашуметь
H1954	осия
H1955	Гошаия
H1960	прославление
H1961	быть
H1964	Храм
H1965	храм | дворец
H1967	Геман
H1969	гина | гин
H1973	далее | назад | за
H1975	тот | это
H1976	вон | этот
H1980	идти | ходить | пойти
H1982	течь
H1983	пошлина
H1984	хвалить | притворился сумасшедшим | славить
H1986	разная сторона
H1988	сюда | здесь
H1990	Гам
H1992	они | тот
H1994	они | раб
H1995	многий | толпа | волнение
H2000	привёл в замешательство | приведу в замешательство | привёл их в замешательство
H2001	Аман
H2005	Вот
H2006	если | или
H2007	это | они | такой
H2008	сюда | пора
H2010	покой
H2011	Сын еннома | Еннома | Енном
H2013	Перестать
H2015	превратиться | повернуть | перевернуть
H2018	разрушение
H2020	избавление
H2022	гора
H2026	убить | убивать
H2027	убийство
H2029	забеременеть
H2030	беременный | забеременеть | была беременна
H2032	беременность | забеременеть
H2036	Гора
H2039	Аран
H2040	порываться | свергнуть | пусть
H2047	Гафах | Гафаха | Гафаху
H2048	обмануть | обманывать
H2053	крючок
H2055	Ваиезафу
H2056	ребёнок
H2057	ванея
H2060	Астинь | Астини
H2061	волк
H2063	это | этот
H2064	Подарить
H2065	подарок
H2066	Завад
H2067	Завдия | Завдий
H2068	Завдиил
H2069	Зевадия
H2074	Завулона | Завулон | Завулону
H2076	заколоть
H2077	жертва | жертвоприношение
H2079	Забвай | Забвая
H2081	Зевина
H2082	будет жить
H2087	надменность
H2088	это | этот
H2091	золото | золотой
H2094	просвещать
H2095	остерегаться
H2098	который
H2100	текущий
H2102	поступали надменно | сварить | надмевались
H2104	зузимов
H2111	трепетать
H2114	чужой | другой | чужое
H2118	чтобы | спадать
H2128	Зиф
H2130	зифеи
H2132	оливковые сады | маслина | оливковый
H2134	чистый
H2138	мужчина
H2139	Закхур | Закхура | Заббуд
H2140	Закхая
H2142	вспомнить | помнить
H2143	память | и
H2145	мужской пол | мужчина
H2146	память | памятный | памятные записи
H2147	Зихри | Зихрий
H2148	Захария | Захарий
H2153	Зелфы | Зелфу | Зелфа
H2161	задумать
H2163	установленный | назначить
H2165	время
H2166	время
H2171	певец
H2173	наихорошие плоды
H2175	Зимрана
H2176	песня
H2179	нападать | сзади
H2180	хвост
H2181	прелюбодейка | прелюбодействовать | разве
H2182	Заноах | Заноаха | Заноахе
H2183	прелюбодеяние
H2188	пот
H2190	Зааван
H2196	расстроить
H2197	ярость
H2199	кричать | закричать
H2201	крик | вопль | взывание
H2203	асфальт
H2204	постарелый | старый
H2205	старейшина | старый | старик
H2206	борода
H2207	старость
H2208	старость
H2209	старость
H2211	будет поднят
H2213	венец
H2216	Зоровавелем | Зоровавель | Зоровавелю
H2217	Зоровавель
H2219	рассыпать | веять
H2220	рука
H2224	взойти | зайти
H2226	Зара | Зерах | Зераха
H2227	зараитов
H2228	Захарий | Зерахии
H2232	приносить | производить | сеять
H2233	семя
H2236	обрызгать | бросить
H2238	Зерешь | Зереши
H2239	ладонь | пядь
H2240	Затту
H2242	Зефару
H2244	прятаться | спрятаться | спрятать
H2247	спрятаться
H2250	увечье
H2251	вымолотить
H2252	Ховайи
H2254	очень порочно поступили | залог | взять
H2255	разрушить
H2256	участок | группа | верёвка
H2257	вред
H2259	капитан корабля
H2263	обнять
H2266	соединить | соединять
H2268	Хевер
H2275	Хеврон | Хеврона | Хевроне
H2279	место соединения | соединяться
H2280	оседлать | повязать | обвить
H2282	праздник
H2285	Хагава
H2286	Хагабы | Хагавы
H2287	праздновать | будете вы праздновать | будете праздновать
H2288	ущелие
H2290	пояс
H2291	Хагги
H2292	Аггей
H2295	Хогла
H2296	опоясаться | опоясать
H2298	первый | такой | один
H2301	хадад
H2302	радоваться
H2304	радость
H2305	радость
H2307	Хадида | Хадиде
H2308	перестать | прекратиться | оставить
H2313	Хиддекел
H2315	комната
H2318	обновить
H2319	новый
H2320	месяц | новолуние
H2322	Хадаша
H2323	новый
H2327	Ховы
H2332	Ева
H2333	селение
H2337	ущелие
H2338	чинить
H2339	нитка | нить
H2340	евеев | евеям | евея
H2341	Хавила | Хавилы | Хавилу
H2342	ждать | был он ранен | и
H2343	Хула
H2344	песок | как
H2345	чёрный
H2346	стена
H2347	жалеть | пожалеть | пусть
H2348	берег | пристань
H2351	снаружи | наружу | вне
H2353	белые | белый
H2354	Ор | Хура
H2356	ущелие
H2363	спешить
H2366	Хушим
H2367	Хушам
H2368	печать
H2370	смотреть
H2372	высмотреть | зреть
H2373	грудина | грудь
H2375	Хазо
H2377	видение
H2382	Хазаии
H2387	Хезир
H2388	восстанавливать | ожесточить
H2389	крепкий | сильный | крепки
H2390	сильный
H2392	крепость
H2394	сила | кричать
H2396	Езекии | Езекия
H2397	кольцо
H2398	согрешить | грешить
H2399	Грех
H2400	грешный | грешник
H2401	грех
H2403	грех | жертва за грех
H2404	дровосек | дроворуб
H2406	пшеница | пшеничный
H2407	Хаттуш
H2409	жертва за грех
H2410	Хатиты
H2411	Хаттила
H2412	Хатифы
H2416	живой | жизнь | животное
H2417	жизнь
H2421	жить
H2422	живой
H2425	жить | прожить | остаться живым
H2426	армия | войско
H2427	ужас
H2428	армия | достойный | воин
H2429	принуждение
H2435	вне | внешний
H2436	пазуха | объятие
H2437	Хира
H2444	Гахила
H2446	Ахалии | Гахалии
H2447	блестящий
H2449	обращаться мудро
H2450	мудрый | мудрец
H2451	мудрость
H2452	мудрость
H2455	простой
H2459	жир
H2461	молоко | пьющее молоко | сыр
H2464	халвана
H2470	больной | умолять | искать
H2471	лепёшка
H2472	сон
H2473	Холон
H2474	окно
H2476	поражать
H2478	халхул
H2482	Хали
H2485	флейта
H2486	годиться | быть
H2487	смена
H2490	начать | осквернять | стать
H2491	убитый | уничтожение
H2492	присниться | сниться
H2498	менять | поменять | сменить
H2501	Хелефа
H2502	вооружённый
H2504	бедро
H2505	разделить
H2506	часть | доля | участок
H2507	Хелека
H2508	владение
H2509	гладкий
H2510	Халак
H2512	гладкий
H2513	участок | часть | гладкая часть
H2517	Хелкия
H2518	Хелкии | Хелкия
H2520	Хелкаф
H2522	победить
H2524	свёкор
H2525	горячий
H2526	Хам
H2527	жара | тёплый
H2529	кислое масло
H2530	желать | пожелать | красивый
H2532	хороший | желание | драгоценный
H2533	Хемдан
H2534	гнев | ярость
H2538	Хамула
H2540	Хаммону
H2543	осёл
H2544	Еммора | Еммор | Еммору
H2545	свекровь
H2547	хумта
H2549	пятый | пятая часть
H2550	пожалеть | жалеть | пощадить
H2551	милость
H2552	пекло
H2555	насилие | жестокость | обида
H2556	закваситься | квашеный
H2557	квашеный | квасить
H2558	уксус
H2560	осмолить
H2562	вино
H2563	глина | куча
H2564	смола
H2567	соберёт пятая часть
H2568	пять
H2569	пятая часть
H2571	вооружённый
H2572	пятьдесят
H2573	мех
H2574	Лево емафа
H2575	Хамаф
H2576	Хамоф доры
H2577	хемареев
H2580	милость
H2582	Хенадада
H2583	стали лагерь | стали они лагерь | расположиться
H2584	Анна
H2585	Енох | Ханох
H2586	Ханун
H2587	милостивый | добрый
H2590	бальзамировать | бальзамирование
H2591	пшеница
H2593	обученный
H2595	копьё
H2597	освящение
H2598	освящение
H2600	даром | причина
H2603	помиловать | умолять | милость дал
H2605	Ханан
H2606	Хананела
H2607	Хананий | Ханани
H2608	Ханания | Хананию
H2615	Ханнафону
H2617	верная любовь
H2620	укрыться
H2621	Хоссе
H2623	верный
H2636	хлопья
H2637	уменьшиться | уменьшаться | будет недоставать
H2638	недоставать
H2645	покрыть | накрыть
H2648	торопиться
H2649	спешка
H2650	Хуппим
H2651	горсть
H2652	Офни
H2654	желать | пожелать
H2655	наслаждаться
H2656	приятный | желать
H2658	вырыть | рыть | разведать
H2660	Хефера
H2663	хафараим
H2664	искать | отыскать | изменил свой вид
H2670	свобода | освободит от подати
H2671	стрелец | стрела
H2672	каменотёс | высечь
H2673	разделить | поделят пополам
H2674	Асор | Асора | Гацор
H2675	гацор хадафа
H2676	Примерно в полночь
H2677	половина
H2678	стрела
H2684	одежда
H2688	Хацацон фамаре
H2689	труба
H2691	двор | селение
H2693	хацар гадда
H2696	Хецрон | Кириаф хецрон | Есрома
H2700	Хацармавефа
H2701	Хацар суса
H2705	хацар шуал | хацар шуале
H2706	постановление | закон | часть
H2708	постановление
H2709	Хакуфы
H2710	правитель
H2712	Хуккоку
H2713	разузнавать
H2715	знатный | знать
H2717	высохнуть | разрушить
H2718	был разрушен
H2719	меч
H2721	засуха
H2722	Хориву | Хориве | Хорив
H2723	развалины
H2724	суша
H2726	Харбоне | Харбона
H2729	дрожать | задрожать | содрогнуться
H2730	трепещущий | дрожать
H2731	ужас | дрожь
H2734	разгневаться | воспламениться | гневаться
H2736	Харгаии
H2739	Харумафа
H2740	гнев | пламя | пылать
H2744	Хархура
H2747	резец
H2748	чародей | колдун
H2750	гнев
H2751	хлеб
H2752	хорреев | хоррея
H2753	хорь | хорреев
H2756	Харифа | Хариф
H2757	сыр
H2758	пахота | земля
H2759	знойный
H2763	уничтожить
H2764	посвящённое на уничтожение | уничтожение
H2765	Хорь
H2766	Харима | Харим
H2767	Хорма | Хормы | Хорме
H2768	Ермон | Ермоном
H2771	Харрана | Харране | Харран
H2772	хоронитянин | хоронита
H2778	оскорблять | оскорбить | опозорить
H2779	зима
H2781	позор | упрёк | оскорбление
H2782	пошевелить
H2790	молчать | молча | будете спокойны
H2791	тайно | харашим
H2793	Хореше | Хореш
H2794	режущие инструменты
H2795	глухой
H2796	резчик | кузнец | плотник
H2797	Харши
H2799	резание
H2801	высечь
H2802	Херет
H2803	искусный | задумать | считаться
H2805	пояс
H2806	Хашбаддана
H2809	Есевона | Есевоне | Есевон
H2811	Хашавия | Хашавию | Хашавии
H2812	Хашавна
H2813	Хашавнии | Хашавния
H2814	успокаивать
H2815	Хашшув | Хашшува
H2817	Хасуфы
H2818	нужно
H2819	необходимый
H2820	удержать | и | удерживать
H2821	потемнеть
H2822	темнота
H2825	темнота
H2828	Хашума | Хашум
H2829	Хешмон
H2833	нагрудник
H2836	прилепиться | будут соединены | были соединены
H2838	соединение | соединение их будут
H2844	ужас | ломаться
H2845	Хетт
H2847	ужас
H2850	хеттеев | хеттея | хеттеям
H2856	скрепить | печать
H2858	печать
H2859	тесть | стать зять
H2860	зять | жених | зятям
H2864	усиленно гребля
H2865	ужасаться | ужаснуться
H2869	угодный
H2870	Табеел
H2873	заколоть
H2874	животное
H2875	Теваха
H2876	телохранитель | повар
H2878	заколоть
H2879	повариха
H2881	окунуть | погрузиться | обмакивать
H2883	утонуть | вонзиться
H2884	Таббаофа
H2885	кольцо | перстень
H2887	тебеф
H2889	чистый
H2891	очиститься | очистить
H2892	ясный
H2893	очищение
H2895	угодный | хорошо станет | хорошо было
H2896	хороший | хорошо | добро
H2898	добро | добрый | доброта
H2900	Товий | И
H2901	прясть
H2903	повязка
H2904	бросить | выбросить | навести
H2905	ряд
H2909	выстрел
H2912	стереть
H2914	нарост
H2918	укреплённые лагери
H2919	роса
H2921	пятно | заплатать
H2923	Телаиме
H2924	ягнёнок
H2926	покрыть
H2928	Телем
H2929	Талмона | Талмон
H2930	осквернить
H2931	нечистый
H2932	нечистота
H2934	спрятать | закопать
H2938	есть | съесть | верно
H2940	вкус | поведение | рассудок
H2941	веление | указ | дело
H2942	указ | советник | приказ
H2943	навьючить
H2945	ребёнок
H2948	ширина в ладонь
H2962	ещё | пока
H2963	наверное | разорвать | хищный
H2964	добыча
H2965	свежий
H2966	растерзать | растёрзанного
H2967	тарпелеи
H2971	Иаира
H2974	решиться | согласиться | твёрдо решили
H2975	река | нил
H2976	отчаяться
H2983	иевусеев | иевусеи | иевусеям
H2985	Иавин
H2987	отнести | привезти | доставить
H2989	Иавала
H2991	Ивлеам
H2992	исполни долг брата
H2994	невестка
H2995	Иавнеила
H2999	Иавок
H3001	высушить | высохнуть | сухой
H3003	Иависа | Иавис | Иависе
H3004	суша | сушить
H3006	суша
H3015	печаль
H3017	Иагур
H3018	труд
H3021	утруждать | трудиться
H3026	Иегар сагадуфа
H3027	рука
H3028	рука
H3030	Идеал
H3032	бросать
H3034	исповедоваться | благодарение | прославить
H3035	Иаддай
H3036	и | иадон
H3037	Иаддуя | Иаддуй
H3038	Идифуна
H3042	Иедаия
H3044	Идлафа
H3045	знать | узнать
H3046	известно | сообщать | узнать
H3048	Иедаии | Иедаия
H3049	вызывателей духи умершие
H3050	Яха
H3051	Давать | Дать | Привести
H3052	платиться | отдать | передать
H3054	стали иудеи
H3055	игуд
H3061	Иудей | В
H3062	иудей
H3063	Иуда | Иудей
H3064	иудей
H3066	иудейски
H3067	Иегудифу
H3068	Яхве
H3069	Яхве
H3071	яхве | знамя
H3076	Иоханан | Иоханана
H3083	Ионафан | Ионафана | Ионафану
H3091	Иисус
H3095	алмаз
H3096	Иааца | Иаацу
H3097	Иоава
H3100	Иоиль | Иоель
H3102	Иов
H3103	Иовав | Иовава | Иоваву
H3104	бараний рогов | бараньи рога | бараний
H3106	Иувал
H3107	Иозавад | Иозаваду
H3110	Иоханана | Иоханан
H3111	Иоиады | Иоаида | Иоиада
H3113	Иоаким
H3114	Иоиарива | Иояривом | Иоиарив
H3115	Иохаведу
H3117	день | сегодня
H3118	день
H3119	день
H3120	Иаван | Иавана
H3123	голубь
H3124	Ион
H3129	Ионафан | Ионафана | Ионафаном
H3130	Иосиф
H3131	Иосифии
H3133	Иоеда
H3136	Иоседека
H3139	Иоры
H3148	большой
H3150	Иззия
H3156	Израхия
H3157	Изреель | Изрееля | Изрееле
H3159	изреелитянка
H3161	пусть | присоединяться
H3162	вместе
H3166	Яхазиила
H3167	Яхзеия
H3171	Иехиила | Иехиил
H3173	единственный
H3176	ждать
H3177	Иахлеил
H3179	разжигаться
H3183	Иахцеил
H3187	родословный | родословие | родословная были записаны
H3188	родословная
H3190	было хорошо
H3191	будет угодно
H3194	Ют | Ютту
H3195	Иетур
H3196	вино
H3198	назначить | оправдать | спорить
H3199	Иахин
H3201	мочь | смочь
H3204	Иехонией
H3205	родить | рождение
H3206	ребёнок | мальчик
H3207	девушка
H3209	родить | родиться
H3211	родить | ребёнок
H3212	пойти | идти | послать
H3219	мешок
H3220	море | запад
H3222	горячие источники
H3223	Иемуил
H3225	направо | правая рука | правый
H3226	Иамин
H3227	Вениамин | Вениамитянина
H3231	направо
H3232	Имна
H3233	правый
H3238	обижать
H3239	Ианоха
H3240	оставить | поставить | положить
H3241	ианум
H3243	кормила грудь | младенец | будет кормить грудь
H3245	основание | положит он основание | был заложен фундамент
H3246	начать
H3247	основание
H3251	будут мазать
H3252	Иск
H3254	продолжить | продолжать | прибавить
H3257	лопатка
H3259	буду встречаться | встретиться | обручиться
H3266	Иеус
H3270	Иазер
H3272	советник
H3273	Иеиел
H3274	Иеуса
H3276	приносят польза
H3277	дикие козы
H3279	Иаалы
H3281	Иеглома | Иеглом
H3289	советник | буду советовать | будем совещаться
H3290	Иаков
H3293	лес
H3295	соты мёда
H3297	Иеарим
H3299	Иаасай
H3303	красивый
H3305	Иоппии | Яфу | Иоппию
H3308	красота
H3309	Яфию | Иафие
H3311	Иафлета
H3312	Иефоннии | Иефонния
H3315	Иафета | Иафет
H3316	Иффах | Иеффая
H3317	Ифтах ел
H3318	выйти | вывести | выходить
H3319	был завершён
H3320	стать | стоять | стоить
H3322	поставить | положить | оставить
H3323	масло
H3324	Ицгар | Ицгара
H3326	постель
H3327	Исаак
H3331	были постель
H3332	вылить | литьё | высыпать
H3334	расстроиться | угнетать
H3335	слепить | поработать
H3336	образ | намерение
H3337	Иецер
H3341	поджечь | сжечь
H3343	Иекавцеиле
H3347	Иокдам
H3349	будет повиновение
H3351	живой
H3355	Иоктан | Иоктана
H3358	благородный
H3362	Иокнеама | Иокнеамом | Иокнеам
H3363	вывихнуть
H3364	проснуться
H3365	почитаться | дорога была
H3366	почтить | честь | великолепие
H3368	редкий
H3370	Иокшана | Иокшан
H3371	Иокфеил
H3372	бояться | испугаться
H3373	бояться | трепет
H3374	страх
H3375	иреон
H3378	Иероваала
H3381	спуститься | спускаться
H3382	Иареда | Иаред
H3383	Иордан
H3384	показать | научить | бросить
H3389	Иерусалим
H3390	Иерусалим
H3391	месяц
H3392	Иераха
H3393	месяц
H3394	луна
H3395	Иерохама
H3397	Иерахмеела
H3402	Иаривом | Иарив
H3405	Иерихона | Иерихон
H3406	Иремоф | Иерамоф
H3407	полотнище
H3409	бедро | стебель | сторона
H3411	задняя сторона | сзади | граница
H3412	Иармуфа | Иармуф | Иармуфе
H3413	Иеремай
H3414	Иеремия | Иеремии
H3415	плохо
H3416	Ирфеил
H3418	зелёный | зелень
H3423	завладеть | прогнать
H3425	наследие
H3426	есть | быть
H3427	жить | житель | сидеть
H3435	Ишбака
H3437	Иашув
H3438	Ишва
H3440	Ишви | Иессуи
H3442	Иисус
H3443	Иисус
H3444	спасение
H3447	протянуть
H3448	Иессея | Иессей | Иессею
H3449	Ишшия
H3452	Иесимона | Иесимоном
H3455	положить
H3456	опустеть
H3458	Измаил
H3459	измаильтян | измаильтянам
H3462	спасть
H3463	спать
H3465	Старый
H3466	старый
H3467	спасти | спасать | отмщение
H3470	Иешаия | Иешаию | Исаии
H3471	яспис
H3474	было правильным | пошли прямо
H3477	прямой | праведный | правильный
H3478	Израиль
H3479	Израиль
H3485	Иссахара | Иссахар | Иссахару
H3488	поселить | жить
H3489	кол | прочный кол
H3490	сирота
H3492	Иаттир | Иаттире
H3494	Ифла
H3497	Ифнан
H3498	остаться | остальной | оставить
H3499	остаток | превосходство | остальной
H3500	Иофору
H3503	Иофор | Иофора
H3506	Ифран
H3508	сальник
H3509	Иетеф
H3510	боль
H3513	прославиться | почитать | тяжёлой была
H3515	тяжёлый | сильный | быть
H3516	печень
H3517	трудный
H3518	погаснуть
H3519	слава
H3521	Кавулу
H3522	хаббон
H3523	кожа
H3526	выстирать | мыть
H3530	расстояние
H3532	ягнёнок | овца
H3533	покорять | была покорена | отдавать
H3535	ягнёнок
H3536	печь
H3537	кувшин
H3540	Кедорлаомера | Кедорлаомеру | Кедорлаомер
H3541	Так
H3543	стали слабо | удерживать
H3544	слабеть
H3547	были священники | были они священники | священническое служение
H3548	священник
H3549	священник
H3550	священство | священническое служение
H3553	шлем
H3555	ожечь
H3556	звезда
H3557	обеспечить | обеспечивать | буду обеспечивать
H3558	ожерелье
H3559	приготовить | готовый | утвердить
H3563	чаша
H3565	Хорашане
H3566	Кира
H3567	Кира | Киром
H3568	Куш | Ефиопии
H3580	Хезиве
H3581	сила
H3582	скрыть | скрывать | был бы истреблён
H3584	отрицать | обмануть | лгать
H3588	потому | что
H3591	копьё | щит
H3595	умывальник | котёл
H3602	так | это | дело
H3603	талант | окрестность | буханка
H3604	талант
H3605	весь | всё
H3606	весь | всё | любой
H3607	удержать | прекратиться | перестать
H3611	собака | пёс
H3612	Халев | Халеву | Халева
H3614	халевит
H3615	закончить | уничтожить
H3617	полностью | решить | конец
H3618	невестка
H3622	Келуги
H3625	Кал | Калахом
H3626	Колхозея
H3627	вещь | принадлежность | сосуд
H3629	почка
H3630	Хилеон | Принадлежит хилеону
H3632	полностью | всесожжение
H3635	заканчивать | закончить | будут закончены
H3636	Хелал
H3637	обижать | оскорбить | позорный
H3641	Халне
H3644	подобный | как
H3648	взволноваться
H3651	так | поэтому
H3652	и | так
H3653	подножие | место
H3654	мошка
H3658	лир | лира
H3660	так | такой
H3662	Хенани
H3664	собирать | собрать
H3665	были покорены | покорить
H3667	Ханаан | Ханаана
H3669	хананеев | хананеи
H3671	крыло | край
H3672	Хиннерефского | Хиннарофа | Хиннереф
H3674	товарищ
H3675	товарищ
H3676	трон
H3678	трон | место
H3679	халдей
H3680	покрыть | покрывать
H3682	покрытие | одежда
H3686	Кесил
H3691	кислеве
H3693	Кесалон
H3694	Кесуллоф
H3695	Каслухим
H3696	Кислоф фавор
H3698	полба
H3699	рассчитывать
H3700	желание | желать
H3701	серебро
H3702	серебро | серебряный | на
H3703	в | касифье
H3705	теперь | пора | итак
H3706	далее
H3707	огорчать | негодовать | вызывали гнев
H3708	сильно | огорчение
H3709	рука | стопа
H3713	чаша | иня | и
H3715	село
H3716	Кефир
H3717	сложенным вдвое | сложишь вдвое
H3722	покрой | будешь совершать искупление | совершить искупление
H3724	выкуп | смола | село
H3725	искупление | искупительный
H3726	кефар аммонай
H3727	крышка искупления
H3730	яблоко
H3732	Кафторим
H3733	седло | барашковый
H3734	хомеров
H3738	выкопать | вырыть
H3742	херувим
H3743	Херуб | Херув аддона
H3749	край
H3752	Каркас
H3754	виноградник
H3756	Харми | Хармия
H3760	Кармила
H3761	кармилитянина
H3762	кармилитянка
H3763	Херан
H3766	кланяться | согнуться | упала на колена
H3767	нога | голень
H3768	льняной
H3771	Каршена
H3772	заключить | отрезать | заключать
H3774	Кереть
H3775	овца | ягнёнок
H3777	Кеседа
H3778	халдейский
H3782	спотыкаться | иссякнуть
H3784	колдун | колдунья
H3787	справедливо
H3789	написать | записать
H3790	написать | записать | было написано
H3791	письмо | письменность | запись
H3792	написать | предписание
H3794	Киттим
H3795	выбить
H3797	стена
H3798	Хифлис
H3801	одежда | хитон | и
H3802	сторона | наплечник | плечо
H3804	корона
H3808	не
H3809	не | непременно | без
H3811	мучиться | быть
H3812	Лия
H3816	племя
H3817	Леюмим
H3820	сердце
H3822	леваоф
H3824	сердце
H3827	пламя
H3828	фимиам
H3830	одежда
H3833	львица
H3835	будем делать | делать | делать кирпичи
H3836	белый | белые
H3837	Лаван | Лавана | Лавану
H3838	Лебаны | Леван
H3839	тополь
H3840	прозрачный
H3841	Ливной | Ливну | Ливны
H3843	кирпич
H3844	Ливан | Ливана
H3845	Ливень
H3847	одеть | одеться
H3850	Лидды | Лода | Лоде
H3852	остриё | пламя
H3853	Легавим
H3856	истощиться
H3858	пламенный | чар
H3860	разве
H3861	но
H3862	собрание
H3863	бы | пусть | только
H3865	Луда
H3866	Лудить
H3867	прилепиться | дашь взаймы | одолжить
H3869	миндаль
H3870	Луза
H3871	скрижаль | доска
H3873	Галлохеша | Лохеш
H3874	завернуть
H3876	Лот
H3877	Лотан | Лотана
H3878	Левий
H3879	левит
H3881	левит
H3885	ночевать | переночевать | роптать
H3886	глотать
H3887	переводчик
H3888	замесить
H3890	ты
H3892	свежий
H3898	воевать | сражаться
H3899	хлеб
H3903	Лахмас
H3905	угнетать
H3906	угнетение
H3909	заклинание | тихонько | тайно
H3910	ладан
H3912	Летушим
H3913	изгатавливал | точило
H3915	ночью | ночь
H3919	Лаиша
H3920	захватить | было указано | выбрать
H3923	Лахиса | Лахис | Лахису
H3924	петля
H3925	учить
H3929	Ламеха | Ламех
H3932	насмехаться
H3938	Дай мне поесть
H3940	факел | молния
H3943	перевернуться
H3946	Лаккума
H3947	взять
H3950	подбирать | собрать | собирать
H3956	язык | залив | слиток
H3957	комната | кладовая | хранилище
H3958	яхонт
H3959	Ласемом | Ласем
H3962	Лашы
H3966	очень
H3967	сто | двести | триста
H3968	Меа
H3969	сто | двести | четыреста
H3972	ничего
H3974	светило | светильник | освещение
H3978	еда | фруктовый
H3979	нож
H3982	слово | приказ
H3983	слово
H3984	сосуд
H3985	отказаться
H3986	отказаться | будешь отказываться
H3988	отвергнуть
H3990	мрак
H3993	засада
H3995	отделённый
H3996	где заходит | заход
H3999	потоп
H4005	отобрать | избранный
H4013	укрепить
H4014	Мивцар
H4017	Мивсам
H4019	Магбиша
H4020	витой
H4021	головная повязка
H4023	Мегиддона
H4024	Мигдолом
H4025	Магдиил
H4026	башня
H4027	Мигдал ел
H4028	Мигдал гад
H4029	Мигдал гадером
H4030	драгоценные вещи | драгоценность
H4031	Магог
H4033	странствование
H4040	свиток
H4042	передать
H4043	щит
H4046	поражение | язва
H4047	магпиаш
H4049	свергнуть
H4051	Мигроне
H4054	пастбище
H4055	снаряжение | одежда
H4056	жертвенник
H4057	пустыня | пустынь
H4058	отмерять | отмерить
H4060	участок | размер
H4061	подать | то | и
H4068	Мадона
H4069	Почему | Зачем
H4074	Мидия | Мадай
H4076	в | мидия
H4080	Мадиама | Мадиана | Мадианитян
H4081	Миддин
H4082	область
H4083	область
H4084	мадианские
H4089	Мадмана
H4091	Медан
H4092	мадианитяне
H4099	Амадафа
H4100	Что | Зачем | Почему
H4101	зачем | сколько | и
H4102	медлить
H4103	волнение | волнение было
H4104	Мегуману
H4105	Мегетавеель | Мегетавела
H4106	искусный
H4109	путь | на | ходьба
H4111	Малелеила | Малелеил
H4116	поспешить | спешить | поторопиться
H4117	вено | дать
H4118	быстро
H4119	вено | выкуп | выкуп за невесту
H4120	быстро | скорее
H4124	Моава
H4125	моавитянка | моавитянок | моавитянки
H4127	падают в обморок | упадут в обморок | рассеиваться
H4129	был родственник
H4130	мы | родственник
H4135	обрезать | обрезываться | обрезаться
H4136	сторона | напротив | передняя сторона
H4137	Молада | Моладе
H4138	родина | рождение | родство
H4139	обрезание
H4142	вставить | быть
H4150	собрание | назначенное время
H4152	назначить
H4153	Моадии
H4158	Мефааф
H4159	чудо
H4170	ловушка | приманка
H4172	страх
H4174	спуск
H4176	Море
H4177	бритва
H4179	Мориа
H4180	владение
H4181	наследство
H4184	потрогать
H4185	отводить | отходить | будет отходить
H4186	место | место проживание | место обитания
H4187	Муши
H4191	умереть | умертвить | смерть
H4193	смерть
H4194	смерть | умереть
H4196	жертвенник
H4199	Миза
H4201	косяк | вход
H4202	припас
H4204	ловушка
H4207	вилка
H4217	восток | восход
H4219	чаша
H4223	повесить
H4224	убежище
H4225	соединение | место соединения
H4229	уничтожить | стереть | были уничтожены
H4232	Мехиаеля | Мехиаель
H4236	видение
H4240	Мехиды
H4241	ожить | сохранение жизни
H4244	Махла
H4245	болезнь
H4246	танец | танцующий | танцующие женщины
H4248	Махлон | Махлону | Махлона
H4249	Махли | Махлия
H4252	нож
H4255	группа
H4256	часть | имели часть
H4258	Махалафу
H4259	Мехолы
H4264	лагерь | лагер
H4266	Маханаим | Маханаима
H4276	половина | середина
H4279	завтра
H4281	кирка
H4282	плуг
H4283	следующий день
H4284	искусное дело | замысел | мысль
H4286	снять
H4289	лоток
H4290	кража
H4294	племя | посох
H4295	снизу | маленький
H4296	постель | кушетка
H4299	пряжа
H4301	клад
H4303	вкусная еда
H4304	верхняя одежда
H4305	пролил дождь | посыпать | устрою дождь
H4306	дождь
H4307	цель | тюрьма | темничный
H4308	Матреда
H4309	Матри
H4310	Кто | Чей
H4311	Медева | Медеве
H4313	ме иаркон
H4314	Мезагава
H4315	хороший | наихорошее место
H4316	Миха | Михи
H4317	Михаил
H4318	Михи
H4320	Михей
H4324	Мелхола | Мелхолу | Мелхоле
H4325	вода
H4326	Миямин
H4327	род
H4332	Мисаил
H4334	равнина
H4340	верёвка
H4341	скорбь
H4345	решётка
H4347	поражение | удар
H4349	место
H4350	основание
H4353	Махир
H4363	Михмасе | Михмаса
H4366	Михмефаф | Михмефафу
H4367	махнадбай
H4368	Мехоне
H4370	нижние платья
H4372	покрытие
H4373	число
H4375	Махпела | Махпеле
H4376	продать | продавать
H4377	товар
H4380	меч
H4383	камень преткновения
H4385	надпись | письменно
H4390	наполнить | наполниться
H4392	полный | наполнить
H4393	полный | полнота
H4394	посвящение | вставлять
H4395	полнота урожая
H4396	вставка
H4397	посланник | ангел | ангела
H4399	работа | дело
H4409	Маллух | Мелиху
H4410	царство | царствование
H4411	ночлег | место ночлега
H4414	пряный
H4415	есть
H4416	соль
H4417	Солёный | Соль
H4419	моряк
H4421	война | сражение
H4422	спастись | бежать | спасаться
H4424	Мелатия
H4427	царствовать | царствование | будет царствовать
H4428	царь
H4430	царь
H4435	Милка
H4436	царица
H4437	царствование | царство
H4438	царство | царствование
H4439	Малхиил
H4441	Малхия | Малхии
H4442	мелхиседек
H4444	Мелхисуа | Малхисуа
H4448	сказать
H4450	Милалай
H4457	щипец
H4462	Мемухан | Мемухана
H4465	товар
H4467	царство
H4468	царство
H4471	Мамре
H4475	управление
H4477	сладкое
H4478	манна | манный | что
H4479	Кто | Как
H4480	из | от | с
H4481	из | от | я
H4483	назначить
H4487	назначить | посчитать | будет посчитано
H4488	мина
H4489	раз
H4490	часть | подарок | доля
H4494	место покоя | покой
H4496	место покоя | покой
H4500	вал
H4501	светильник
H4503	дар | приношение | жертвоприношение
H4504	хлебное приношение
H4506	Манахаф
H4509	Миниамина | Миниамин
H4510	число
H4513	удержать | отнимать
H4514	замок
H4518	кружка
H4519	Манассии | Манассия
H4521	доля
H4522	работа | принудительные работы | принудительная работа
H4526	край
H4529	ослабить
H4532	Масса
H4533	покрывало
H4539	преграда
H4541	литой
H4543	хранилище
H4546	широкая дорога
H4549	ослабелый | таять | непригодный
H4550	путь
H4553	горе | вопль
H4554	корм
H4557	число | счёт
H4558	Мисфаром
H4559	Мисферефом
H4569	переправа | брод | переход
H4570	лагер | лагерь
H4572	Маадай
H4573	Маадия
H4574	изысканные кушанья | цепь
H4578	живот | внутренность | утроба
H4581	сила
H4582	Маоха
H4583	Обитель
H4584	Маон | Маоне
H4586	Меунима
H4590	маазия
H4591	слишком мал | маленький | собравшего мало
H4592	немного | мало
H4597	Маай
H4598	мантия | верхняя одежда
H4599	источник
H4600	воткнуть
H4601	Мааху | Мааха
H4602	маахитов
H4603	поступить | совершить | поступили неверно
H4604	неверность | неверно | предательство
H4605	сверху | вверх | выше
H4607	поднимать
H4608	возвышенность | вверх | возвышение
H4609	ступенька | подниматься | выходить
H4610	возвышенность | акраввим
H4611	поступок | дело
H4616	чтобы
H4618	акр
H4622	препятствие
H4631	пещера
H4632	Меара
H4634	строй | отряд | строить
H4635	предложение
H4638	маараф
H4639	работа | дело | сделать
H4641	Маасея | Маасеи
H4643	десятина | десятая часть
H4649	Муппим
H4663	Гаммифкад
H4665	шея
H4670	порог
H4672	найти | найтись | наслать
H4673	отряд | место где стояли
H4675	отряд
H4676	столп | столб
H4678	столп
H4679	крепость
H4681	Моца
H4682	пресная лепёшка | пресный | пресные лепёшки
H4686	крепость
H4687	заповедь
H4688	глубина
H4689	притеснение
H4690	столп | стоять
H4696	лоб
H4697	поножи
H4700	кимвал
H4701	кидар | кидаре | кидара
H4705	маленький
H4708	Мицфе | Мицфа | Массифу
H4709	Мицпу | Мицпе | Мицфы
H4710	сокровища тайные
H4713	египтянин
H4714	Египет | Египтянин
H4719	Македы | Македе | Македу
H4720	святилище
H4723	скопление | водоём | надежда
H4725	место | местность
H4728	товар
H4729	каждение
H4731	прут | посох | палка
H4733	убежище
H4735	стадо | скот
H4736	купить | владение
H4740	угол
H4742	угол
H4744	собрание | прочитать
H4745	оказаться | случайно | случайность
H4749	чеканный | будет чеканным | был чеканным
H4751	горький | и | горечь
H4753	мирра
H4755	Мара
H4758	вид | внешность
H4759	видение | зеркало
H4762	Мареша
H4763	изголовье | голова
H4764	Мерова | Мерову
H4768	потомство
H4770	откормить
H4772	нога
H4775	восставать | восстать
H4776	и | мятеж
H4777	восстание
H4779	мятежный
H4780	непокорный
H4782	Мардохей | Мардохея | Мардохею
H4784	будете противиться | будет противиться | горевать
H4785	Мерру | Мерре | Мерра
H4786	огорчение
H4791	высоко
H4792	Мерома
H4795	притирание
H4803	рвать | рвал у них волосы
H4805	непокорность | в
H4808	ссора
H4809	Мерива
H4811	Мераия
H4812	Мераиофа | Марайофа
H4813	Мариам
H4818	колесница
H4820	обман
H4822	Меремоф | Меремофу
H4824	меронофиянин
H4825	Мерес
H4826	Марсена
H4828	друг
H4829	пастбище
H4831	Марал
H4836	шило
H4842	смешанный
H4843	огорчать | делали горькой | горько
H4844	горькие травы
H4847	Мерари | Мерария
H4851	Маш
H4852	Меши
H4853	груз | ноша
H4854	Масса
H4855	процент
H4861	Мишал
H4863	сосуды для заквашивания | квашня
H4864	доля | подарок
H4865	гнездо
H4867	волна
H4870	ошибка
H4871	вытащить
H4872	Моисей
H4873	Моисей
H4886	помазать
H4887	масло
H4888	помазание
H4889	уничтожать
H4898	Мешизабела | Мешезавел | Мешезавела
H4899	помазанник
H4900	вытащить | время протяжное звука | протяжно затрубят
H4902	Мешех
H4904	постель | спальная
H4907	жилище
H4908	скиния
H4909	плата | награда
H4910	управлять | правящий | будет господствовать
H4912	пословица | притча
H4916	посылать
H4918	Мешуллам | Мешуллама
H4919	Мешиллемофа
H4924	жир | жирный
H4927	мишма
H4928	охрана
H4929	стража | смена
H4931	стража | хранение
H4932	второй | вдвое больше
H4938	палка
H4940	семья
H4941	суд | порядок | правило
H4942	загоны для скота
H4943	имение
H4945	виночерпий | орошаемый | подача вина
H4947	перекладина
H4948	вес | взвесить
H4956	Мисрефоф маима
H4957	Масреки
H4959	потрогать | искать | обыскать
H4960	пир
H4962	маленький
H4967	Мафусала | Мафусал
H4968	Мафусала | Мафусал
H4970	пора | сказать | когда
H4971	состав | мера
H4975	бедро | поясница
H4976	дар
H4979	подарок | дар
H4982	Мафнай
H4983	Матфания | Матфании
H4985	стала сладкой
H4990	Мифредата | Мифредат
H4992	Мафафа
H4993	Матфифия | Маттифия
H4994	просить
H4995	сырой
H4997	мех
H5002	говорить
H5003	прелюбодействовать
H5006	презреть
H5007	оскорбление
H5009	стон
H5011	Номву | Номве | Номв
H5012	пророчествовать | будешь ты пророчествовать
H5013	пророчествовать
H5014	пустой
H5015	Нево
H5016	пророчество
H5017	пророчество
H5019	Навуходоносор
H5020	Навуходоносор | Навуходоносора
H5027	посмотреть | смотреть | будешь ты смотреть
H5029	пророк
H5030	пророк
H5031	пророчица
H5032	Наваиофа | Наваиоф
H5034	верно | измучить
H5035	мех | арфа | бурдюк
H5037	Навал
H5038	труп
H5039	безумие | бесчестие | глупость
H5041	Неваллате
H5044	нившан
H5045	юг | негев
H5046	рассказать | сказать
H5048	напротив | перед | от
H5055	забодать
H5056	бодливый
H5057	правитель | начальник
H5059	играть | будет играть
H5060	коснуться | прикоснуться | трогать
H5061	удар
H5062	поразить | поражать | ударить
H5063	болезнь | уничтожающая болезнь
H5065	надсмотрщик | загнать | были обессилены
H5066	подойти | привести
H5067	стена
H5068	побуждать | добровольно жертвуемому | добровольно жертвовали
H5069	желать | пожертвовать | добровольные приношения
H5070	Надава | Надав
H5071	добровольное приношение | добровольные приношения
H5073	ряд
H5074	убегать | пропасть
H5079	нечистый | нечистота
H5080	изгнать
H5081	побуждать | знатный
H5087	дать | обещать
H5088	обещание | обет
H5090	гнать | украсть | повести
H5091	стонать
H5095	буду идти | снабжать | привести
H5096	Нагалал
H5103	река
H5104	река
H5109	Невай
H5110	скиталец
H5113	Нод
H5115	прославить
H5116	жилище
H5117	дал покой | успокоиться | отдыхать
H5118	успокоиться
H5121	Навафе | Наваф | Навафа
H5122	развалины
H5126	Навина
H5127	бежать | убежать | побежать
H5128	бродяга | дрожать | шевелиться
H5129	Ноадии | Ноадию
H5130	поколыхать | будешь водить | колыхать
H5134	кормила его грудь
H5137	обрызгать
H5138	суп
H5139	избранный
H5140	поток
H5141	серьга
H5142	пострадать | приносит вред | ущерб
H5143	беспокоить
H5145	диадема
H5146	Ной
H5148	вести | привести | повести
H5149	Нехумом
H5152	Нахора | Нахор | Нахору
H5157	получили наследие
H5158	поток | долина | ручей
H5159	наследие
H5162	пожалеть | утешить | утешиться
H5166	Неемии | Неемия | Неемией
H5167	Нахманием
H5169	срочный
H5172	гадание | гадать | узнать
H5175	змея | змей
H5176	Наас | Наасу
H5177	Наассона | Наассон
H5178	медь | медный
H5181	развалиться
H5182	поставить | класть
H5184	Нахаф
H5186	протянуть
H5193	посадить | сажать
H5198	стакти
H5199	Нетофы
H5200	Нетофафских
H5203	оставить | разрешить | незасеянный
H5207	приятный
H5208	благоухание
H5209	сын
H5210	Ниневию | Ниневии | Ниневия
H5212	нисан
H5216	лампа | светильник
H5219	стиракс
H5220	потомок
H5221	поразить | ударить | поражать
H5227	напротив | о | перед
H5230	сговориться
H5232	имущество | и
H5233	богатство
H5234	узнать | опознать
H5235	несчастие
H5236	чужой | чужеземец | чужеземный
H5237	чужеземный | чужой
H5240	презирать
H5243	обрезывать
H5248	Нимрода | Нимрод
H5254	испытывать | привыкнуть | испытать
H5256	пусть | вытянутый
H5257	правитель
H5258	совершается возлияние | вылить | приносить
H5261	возлияние
H5262	возлияние
H5265	отправиться
H5269	Она
H5270	Ноа
H5271	юность
H5272	Неиеле
H5275	обувь | сандалия
H5276	приятный
H5279	была наамаа | наема
H5281	Ноеминь | Ноемини | Ноеминью
H5283	Нааман
H5287	вытряхнуть | бросить | вытрясти
H5288	слуга | юноша | мальчик
H5291	девушка | служанка | молодой
H5292	Наарафу
H5298	Нефег
H5299	Нафоф дора | Нафаф дора
H5300	Нефишсима
H5301	вдохнуть
H5303	нефилимы
H5304	Нефисима
H5305	Нафиш
H5306	гранат
H5307	упасть | падать
H5308	выпасть
H5310	заселиться | расходиться
H5312	вынести
H5313	расход
H5314	мог передохнуть | отдохнуть
H5315	душа
H5316	Нафефа
H5318	Нефтоах | Нефтоаха
H5319	Борьба
H5320	Нафтухим
H5321	Неффалима | Неффалим
H5322	цвет
H5324	стоять | стоить | стать
H5327	ссориться
H5329	следить | надзирать
H5331	Величие
H5333	отряд | столп
H5334	Нецив
H5335	Нециаха
H5337	избавить | отобрать
H5341	сохранять
H5344	назначить | указать
H5346	Ады некева
H5347	женский пол
H5348	крапина | крапинка
H5350	заплесневелый | заплесневеть
H5352	будешь чист | оправдать | будет оправдан
H5353	Некоды
H5355	невиновный | чистый | свободный
H5356	чистота
H5358	отомстить | будет ему отмщено | будет отмщено
H5362	обходить | обойти
H5365	выколоть
H5366	расщелина
H5367	ставишь сеть
H5369	Нира | Нир
H5375	поднять | носить | несущий
H5376	восставать | взять
H5377	обмануть
H5378	долг
H5380	отгонять
H5381	догнать | достигнуть | тянуть
H5382	дал мне забыть
H5383	одалживать | брать
H5384	жила
H5387	начальник | правитель
H5391	кусать
H5392	процент
H5393	комната | кладовая
H5394	Снять
H5397	дышать | дыхание
H5398	подуть
H5399	сумерки
H5401	поцеловать | целовать
H5402	хранилище оружия
H5404	орлов | орёл
H5406	письмо
H5407	письмо | ответ
H5408	разрезать | разрезал их на часть
H5409	кусок
H5411	нефинеев | нефинеи
H5412	нефинеи
H5413	был дан
H5414	дать | отдать
H5415	дать | они | будут платить
H5416	Нафаном | Нафан
H5417	Нафанаил
H5422	разрушить
H5423	отступить | оттянуть | были оттянуты
H5429	саты | мера
H5434	Сев
H5437	обойти | повернуться | окружить
H5439	сторона | вокруг
H5442	частый
H5445	нести
H5446	заложить
H5447	груз
H5449	носильщик
H5450	принудительные работы | принудительная работа
H5454	Савта
H5455	Савтеха
H5459	особый
H5461	начальник
H5462	закрыть | выдать | закрыться
H5467	Содом
H5470	тюрьма
H5475	совет
H5479	Сотый
H5480	помажься масло
H5483	конь | лошадь
H5486	чтобы | исчезнуть
H5488	Тростниковый | Тростник
H5493	снять | удалить | сворачивать
H5496	побудить | возбудить
H5497	одеяние
H5503	купец | торговать | будете торговать
H5508	и | чёрный мрамор
H5510	сиван
H5511	Сигона | Сигону | Сигон
H5512	Син
H5513	синеев
H5514	Синай
H5516	Сисары | Сисры
H5517	Сиаги | Сей
H5518	котёл | горшок | горшки для пепла
H5521	шалаш
H5523	Сокхоф | Сокхофа
H5526	прикрывать | закрыть | покрой
H5527	Секаха
H5528	глупо | глупо поступил | глупо поступал
H5534	закрыться
H5536	корзина
H5543	Саллу | Саллай | Саллая
H5545	простить
H5547	прощать
H5548	Салхой | Салхи
H5549	противостоять
H5551	лестница
H5553	скала
H5555	Село | Гаммахлекоф
H5557	искажать
H5559	прислать
H5560	мука | лучшей пшеничной
H5561	ароматный | аромат
H5564	положить | поддержать
H5570	Сенаи
H5571	Санаваллат | Санаваллата | Санаваллату
H5572	куст
H5573	Сена
H5574	Сенуи
H5575	слепота
H5578	Сансана
H5582	укрепить
H5583	помогать
H5590	бушевать
H5591	буря | в
H5592	сосуд | порог
H5594	оплакивать | скорбеть | горевать
H5595	погибнуть | уничтожить
H5596	присоединить | участие
H5600	корабль
H5601	сапфир
H5608	рассказать | книжник | писарь
H5609	книга
H5611	Сефара
H5612	книга | письмо
H5613	писарь | учитель
H5614	Сефараде
H5618	Гассоферефа | Соферефа
H5619	будет побит камни | камни побит будет | побьют они нас камни
H5624	Середа
H5628	повесить | висеть
H5629	излишек
H5631	евнух | слуга
H5633	правитель | начальник
H5637	упрямый
H5640	завалить | заделываться
H5641	скрываться | скрыться | буду скрываться
H5642	разрушить
H5643	укрытие | прикрытие
H5644	Сифри
H5645	густой
H5647	служить | работать
H5648	делаться | делать
H5649	раб
H5650	раб
H5651	Евед
H5653	Авда
H5656	работа | служба
H5657	раб
H5658	Авдон
H5659	рабство | в
H5660	Авдий
H5662	Овадия | Авдий
H5668	чтобы | ради
H5669	расти
H5673	работа | служба
H5674	пройти | проходить | перейти
H5675	за
H5676	за | сторона
H5677	Евера | Евер
H5678	ярость
H5680	еврей | еврейский | еврейка
H5683	еврону
H5687	густой
H5688	плетёный | плетёная цепочка | плетёные цепочки
H5692	лепёшка
H5695	телёнок
H5697	тёлка
H5699	колесница
H5700	Еглона | Еглон | Еглоном
H5702	вы | закрыться
H5703	веко
H5704	до | пока
H5705	пока | не | до
H5706	добыча
H5707	свидетель | свидетельство
H5711	Ад | Ады
H5712	общество
H5713	свидетель
H5714	Адда | Иддо
H5715	свидетельство
H5716	украшение
H5718	Адаия | Адай | Адаии
H5720	Адин
H5723	Адифаим
H5725	Одоллам | Одоллама | Одолламе
H5726	одолламитянина | одолламитянин
H5727	наслаждаться
H5730	удовлетворение
H5731	Едема | Едеме | Ехать
H5733	Адна
H5735	Адада
H5736	остаться | оставаться | было лишнего
H5737	пропасть
H5739	стадо
H5740	Едер
H5741	Адриэлу
H5742	чечевица
H5744	Овид | Овида
H5745	Овал
H5747	Ога | Огу
H5748	флейта
H5749	свидетельствовать | предупредить | непременно предупреди
H5750	ещё | большой
H5753	распустить | поступила неправильно
H5756	собрать
H5757	аввейский
H5761	аввим
H5762	Авиф
H5763	кормящее молоко | дойный
H5768	ребёнок
H5769	вечный | навеки | вечно
H5770	следить
H5771	вина | вино | грех
H5772	супружеское право
H5774	ослабеть | летать
H5775	птица
H5777	свинец
H5780	Уц | Уца
H5782	возбудить
H5785	шкура | кожа
H5786	делает слепыми
H5787	слепой
H5793	Уфай
H5794	сильный | могущество | неистовый
H5795	коза | козья шерсть | козий
H5796	и | козлов
H5797	сила
H5798	Уззы
H5800	оставить | оставлять
H5802	Азбука
H5803	Азгада | Азгар
H5804	Газа | Газ
H5809	Азур
H5813	Уззий | Уззия
H5816	Узиил | Узиила | Уззиил
H5818	Уззия | Уззии
H5819	Азис
H5820	Азмавефа | Азмавета
H5825	Азеки | Азека | Азеком
H5826	помочь | будете помогать | защита
H5828	помощник | помогать
H5829	Езер
H5830	Ездра | Ездре | Ездры
H5831	Ездра | Ездре
H5832	Азариел | Азариила | Азариил
H5838	Азарий | Азария
H5840	Азрикама
H5841	газский
H5844	завернуть
H5848	были слабыми | слабый | когда
H5849	окружать
H5850	корона
H5852	Атарофа | Атарофу
H5853	Атароф адар
H5857	Гай
H5858	Гевал | Эвал
H5860	накинуться | наброситься | грубить
H5861	хищные птицы
H5864	Иим
H5867	Елама | Елам
H5869	глаз | источник
H5870	глаз
H5871	Аин
H5872	Эн гадди | Ен геди
H5873	Ен ганним
H5874	Ен дора | Аэндоре
H5876	Ен хадда
H5877	Ен гацор
H5879	Енаим | Енаиме | Гаенам
H5880	Эн мишпат
H5883	Ен рогела | Ен рогелу
H5884	ен риммоне
H5885	Ен шемеша | Ен шемешу
H5887	Ен таппуаха
H5889	был усталым | устать
H5891	Ефа
H5892	город
H5895	ослёнок
H5897	Ирада
H5898	Ир мелах
H5902	Ир
H5903	нагой
H5905	Ир шемеш
H5907	Ахбора
H5909	мышь
H5911	Ахор
H5912	Ахан | Ахану | Ахана
H5915	Ахсу
H5916	возмутить | наведёте беда | навёл ты беда
H5921	на | над
H5922	на | о
H5923	ярмо
H5927	подняться | подниматься | вывести
H5928	всесожжение
H5929	ветвь | лист
H5930	всесожжение
H5933	Алва
H5935	Алван
H5939	сумерки
H5941	Илий | Илия | Илию
H5942	верхний
H5944	верхняя комната
H5945	Всевышний | Верхний
H5949	дело
H5953	жестоко поступил | поступил жёстко | и
H5955	упавшие плоды
H5956	ослепить
H5957	давний
H5958	парень
H5959	девушка | девочка
H5960	Алмон
H5962	еламитяне
H5968	завернуться | ослабеть
H5970	Ликовать
H5971	народ
H5972	народ
H5974	с
H5975	стоять | стоить | поставить
H5977	место
H5980	у | соответствие | напротив
H5981	умма
H5982	столб | столп
H5983	Аммона
H5984	аммонитянин | аммонитский | аммонитян
H5987	Амок
H5992	Аминадава | Аминадав
H5998	ты | трудиться
H5999	несчастие
H6002	Амалик
H6003	амаликитян | амаликитяне | амаликитянина
H6006	погрузить | нагружаться | нагружать
H6008	Амад
H6010	долина | емек
H6016	гомор | сноп | гомера
H6017	Гоморры | Гоморру
H6019	Амрам
H6023	Амашсай
H6024	Анав | Анаф
H6025	виноград | виноградный
H6030	ответить | отвечать
H6031	угнетать | смириться | будут угнетать
H6034	Аны | Ана
H6040	страдание | угнетение | несчастие
H6041	бедняк
H6042	Унний
H6043	Анаия
H6044	Аним
H6047	Анамим
H6049	буду наводить
H6051	облако
H6052	Анан
H6055	Ананий
H6061	Енака
H6062	енакимов | енакимы | енаким
H6063	Анер
H6064	будет оштрафован | штраф
H6065	изъятие
H6068	Анафоф | Анафофа | Анафофе
H6076	нарост
H6077	Офеля | Офел
H6078	Афни
H6081	Ефер
H6083	пыль
H6084	Офра | Офру
H6085	Ефрона | Ефрон | Ефрону
H6086	дерево
H6087	огорчаться | печалиться | огорчиться
H6089	боль
H6091	идол
H6093	мучение | труд
H6098	план | совет | решение
H6099	могущественный | сильный
H6105	стал сильнее | усилиться | становился сильным
H6106	кость | в | самый
H6107	Ацем
H6111	Ацмону
H6113	удержать | закрытие | закрыть
H6116	торжественное собрание
H6117	обмануть
H6118	потому
H6119	пятка | тыл
H6123	связать
H6124	пёстрый | детёныши пёстрые
H6126	Аккува | Аккув
H6130	Акан
H6131	перерезали жилы | перережешь жилы | перерезал жилы
H6135	бесплодный | бесплодной была | была бесплодной
H6138	Аккарон | Екрона | Аккарона
H6139	екронский | аккаронитяне
H6145	враг
H6147	Ир
H6148	поручиться | смешаться | закладывать
H6150	вечером
H6153	вечер | вечером | вечерний
H6154	смешанный
H6157	муха | рой мух
H6158	ворона
H6160	равнина | аравы | араве
H6161	залог
H6162	залог
H6163	аравитянин
H6166	Арад
H6168	вылить
H6172	нагота
H6173	и | ущерб
H6174	нагой | обнажённый
H6175	хитрый
H6177	Ароера | Ароере
H6179	Ерь
H6182	тест
H6185	бездетный
H6186	разложить | выстроиться | вступить
H6187	ряд
H6189	необрезанный
H6190	крайний | крайняя плоть | необрезан
H6191	очень хитрый
H6192	собрались вместе
H6194	стог соломы | груда | сноп
H6195	хитрость
H6196	платан
H6202	сломаешь ему шея
H6203	шея | спина | бегство
H6204	Орфа
H6205	густая темнота
H6206	бояться
H6208	аркеев
H6212	растение | трава
H6213	сделать | делать
H6214	Асаила
H6215	Исав | Исава | Исаву
H6218	десятое число | десять
H6223	богатый
H6224	десятый | десятая часть
H6225	дым была
H6226	дымиться
H6227	дым
H6228	Ашан
H6229	спорить
H6230	Есек
H6231	обидеть | обижать
H6235	десять
H6236	двенадцать
H6237	возьмёт он десятая часть | буду давать | десятая часть
H6238	обогатить | обогащать
H6239	богатство
H6240	двенадцать | четырнадцатый
H6241	десятая часть ефы
H6242	двадцать
H6245	вспомнить
H6249	одиннадцать | будет у одиннадцати | был у одиннадцати
H6252	Астарофе | Астарт | Астароф
H6255	Аштероф | Карнаиме
H6256	время | в
H6258	теперь
H6260	козёл | козлов
H6264	готовый
H6265	Афаия
H6269	Атахе
H6270	Афлай
H6271	Афалии
H6274	Гофониил
H6275	двинуться
H6277	дерзкий
H6278	Итту кацин
H6279	молить | помолиться | молиться
H6281	Ефер
H6285	сторона | угол | быть
H6286	имея больше слава | украсить
H6287	нарядный
H6290	Паран
H6293	примыкать | убить | встретиться
H6296	истощиться
H6297	труп
H6298	встретить | подойти
H6299	будешь выкупать | выкупить | выкупать
H6303	Фадона
H6304	разделение
H6305	Федаия | Федаии | Федаию
H6306	выкуп
H6307	Месопотамии | Месопотамию
H6310	уста | остриё | отверстие
H6311	здесь | сюда | здесь есть
H6312	Фува
H6313	ослабелый
H6316	Путы
H6317	Футиила
H6318	Потифару | Потифар
H6319	Потифера
H6326	Фуа
H6327	рассеять | расселиться | рассеяться
H6330	преткновение
H6332	Пурим | Пур
H6334	Порафу
H6339	укрепиться
H6340	разбросать
H6341	лист | ловушка
H6343	страх | ужас
H6346	начальники областей | начальник области | начальник областей
H6347	начальник областей | начальник
H6349	необуздан
H6355	Пахаф | Пахаф моава | Моава
H6357	топаз
H6362	уклониться
H6363	перворождённый | открывать | раскрывать
H6367	Пи гахирофом | Пи гахирофе
H6368	пепел
H6369	Фихол
H6370	наложница
H6372	Финееса | Финеес
H6373	Пинон
H6376	Пишон
H6378	сосуд
H6380	Похереф гаццевайима | Похереф | Гаццебайима
H6381	чудо | трудно
H6382	чудо
H6385	разделиться
H6389	Фалек | Фалека
H6392	часть
H6394	Пилдаша
H6395	отделить | разделить | разделять
H6396	Фалл
H6399	слуга
H6400	часть
H6401	Пилха
H6402	служение
H6406	Фалтию
H6408	Пилтай
H6410	фелатия
H6411	Фелаия
H6412	беглец | спасшееся бегство
H6413	избавление | уцелеть | спастись
H6414	решение судей
H6418	округ
H6419	молиться | помолиться
H6420	фалал
H6421	Фелалии
H6429	Филистии
H6430	филистимлянин
H6431	филистимлянин
H6437	повернуться | повернуть | направиться
H6438	угол | начальники народа | поворот
H6439	Пенуэл
H6440	лицо | перед
H6442	внутренний
H6444	Феннана | Феннаны | Феннане
H6446	разноцветный
H6449	Фасги
H6452	пройти | пройда
H6453	пасха
H6454	Пасеаха
H6458	Вытесать
H6459	изваяние
H6464	Пау
H6465	Фегора
H6466	сделать
H6467	поступок
H6470	возбудиться
H6471	раз
H6472	колокольчик
H6475	открыть
H6477	плата
H6478	вырезать | нарезать
H6479	полоса
H6482	рана
H6484	упрашивать | надавить | упрямство
H6485	посетить | назначить | посчитать
H6487	запас
H6491	тогда откроются | открыться | открыть
H6493	зрячий
H6496	начальник | надзиратель | руководитель
H6499	бык | быков
H6501	дикий осёл
H6502	Фираму
H6504	отделиться | разделяться | расселиться
H6505	мул | лошак
H6508	лес
H6509	плодиться | расплодить | расплодиться
H6510	корова
H6511	Фара
H6514	Феруды | Фериды
H6517	горшок
H6519	открытый
H6521	неукреплённый | сельский
H6522	ферезеев | ферезеи | ферезеям
H6524	появиться | распуститься
H6525	цветок
H6529	плод
H6531	жестокость
H6532	завеса
H6534	Пармашфу
H6539	Персия
H6540	Персия
H6541	копыто
H6542	перс
H6544	отвлекать | распуститься | распустить
H6547	фараон
H6550	блоха
H6551	Пароша | Парош
H6555	разрушить | напасть
H6556	преграда | дыра
H6557	Фареса | Фарес
H6561	сорвать | свергнуть
H6563	развилка
H6565	разрушить | нарушить | нарушать
H6566	протянуть | простирать | протягивать
H6567	отчётливо
H6568	внятно
H6569	нечистота
H6571	всадник
H6572	копия
H6573	копия
H6575	количество | полное описание
H6577	Паршандафу
H6578	Евфрат
H6579	сановник | знатный
H6583	Пашхура | Пашхур
H6584	снять | напасть | нападать
H6586	согрешить
H6587	шаг
H6588	проступок | коварство
H6593	в | лён
H6594	лён
H6595	кусок
H6597	внезапно
H6599	постановление
H6600	письмо | ответ | слово
H6601	расширить | соблазнить
H6603	резьба
H6605	открыть | вырезать | открытый
H6607	вход | дверь
H6611	Петахия | Пафахия
H6613	ширина
H6616	нить | шнур | шнурок
H6617	бороться
H6619	Пифом
H6622	толковать | истолковать | и
H6623	толкование
H6625	Патрусим
H6629	мелкий скот | овца
H6633	женщина | собраться | собираться
H6635	войско | армия | сила
H6636	Цевоима | Цевоим
H6642	подать
H6649	Цивеона | Цивеон | Свой
H6650	Цевоим | Цевоиме
H6651	собрать
H6653	сноповый
H6654	сторона | возле | сбоку
H6658	подстерегать | преследовать
H6659	Садока | Садка | И
H6661	Циддим
H6662	праведный
H6663	праведный | оправдываться | я
H6666	праведность | праведное дело | право
H6667	Седекия
H6668	блестящий
H6670	восклицать
H6672	полдень | крышка
H6677	шея
H6678	Сова
H6679	поймать | взять | припас
H6680	приказать
H6684	поститься | буду поститься
H6685	пост
H6689	Цуфа | Цуф
H6696	противиться буду | осадить | враждовать
H6697	скала | камень
H6698	Цура
H6708	открытые места
H6711	смеяться | рассмеяться | насмехаться
H6712	Смех
H6714	Цохара | Цохар
H6718	дичь | охотник
H6720	запас | продовольствие | припас
H6721	Сидона
H6722	сидонян | сидонянам
H6726	Сион
H6727	Цихи | Циха
H6730	Цигор
H6731	пластина
H6735	схватка | посланник
H6737	притворились посланники
H6738	тень
H6739	молиться
H6740	жарить
H6741	Цилла
H6743	сойти
H6744	продвигаться | преуспевать
H6748	жареный
H6749	утонуть
H6750	зазвенеть
H6751	стемнеть
H6754	образ | подобие
H6760	хромать
H6762	целый
H6763	бок | ребро
H6764	Цалафа
H6765	салпаада
H6766	Целцахе
H6770	жаждать | захочешь пить
H6772	жажда | голод
H6776	пара | акр
H6778	связки изюма
H6779	произвести | расти | прорасти
H6780	растение
H6781	браслет
H6786	цемареев
H6787	Цемараим
H6790	Син | Цин
H6793	щит
H6795	сойти
H6796	колючка
H6798	завялый
H6799	ценан
H6803	сосуд
H6805	простираться
H6809	покрывало
H6810	младший | малый
H6812	младшеству
H6815	Цананниме
H6817	кричать | закричать
H6818	крик
H6820	Сигор | Сигора | Сигоре
H6822	надзирать | ожидать | надзиратель
H6823	покрыть
H6825	Цефо
H6826	покрытие
H6828	север
H6829	Цафон
H6833	птица
H6834	Сепфора
H6835	сосуд
H6837	Цифион
H6838	лепёшка
H6841	и | козлов
H6842	козлов
H6845	прятать | спрятать
H6847	Цафнаф | Панеах
H6854	жаба
H6855	Сепфору | Сепфора
H6860	Секелаг | Циклаг | Секелаге
H6862	противник | враг | теснота
H6863	Цер
H6864	каменный нож
H6865	Тир
H6869	теснота | скорбь
H6870	Саруи
H6872	узелок | церона | узел
H6875	бальзам
H6876	тирянам | тиряне
H6877	башня
H6879	белые от проказы
H6880	шершень
H6881	Цора | Цоре
H6884	ювелир
H6885	ювелир
H6886	Сарепта
H6887	враг | были завязаны | противник
H6890	Цереф шахар
H6891	Цартана
H6900	могила | место погребения | гробница
H6901	принять | быть | напротив
H6908	собрать | собраться
H6909	Кавцеил
H6911	Кивцаим
H6912	похоронить
H6913	место для погребения | могила | места для погребения
H6915	склониться | нагнуться | поклоняться
H6916	касии
H6918	святой
H6921	восточный ветер | восток | восточный
H6923	встретить | побежать
H6924	восток
H6925	перед | от
H6926	восток
H6928	за
H6929	Кедма
H6931	древний
H6932	Кедемоф
H6934	Кадмиил | Кадмиила
H6935	кедмонеев
H6936	темя
H6938	Кедар
H6942	освятить | освящать
H6943	Кедес | Кедеса
H6944	святой | святилище | святость
H6946	Кадесом | Кадес
H6947	Кадес варна
H6948	блудница
H6950	собраться | собираться | собрать
H6951	собрание | общество | множество
H6952	собрание
H6955	Каафа | Кааф
H6956	каафитов
H6958	выплюнуть
H6959	шлем
H6960	собраться | ожидать
H6963	голос | звук
H6964	Колаии
H6965	встать
H6966	встать | поставить
H6967	высота | рост
H6973	Опротиветь | Ужасаться
H6974	проснуться
H6975	колючка
H6976	Гаккоца
H6982	крыша
H6989	Хеттура | Хеттуры
H6993	убийство
H6994	недостойный
H6996	младший | малое | малый
H6997	Гаккатана
H6999	сжигать | сжечь | будет кадить
H7004	ладан
H7005	каттаф
H7008	дым
H7014	Каин
H7016	кино
H7017	кенеев | кенеям | кенеи
H7018	Каинана | Каинан
H7019	лето
H7020	крайний
H7021	растение
H7023	стена | сторона | внешняя сторона
H7026	Кероса | Кироса
H7027	Киса
H7033	поджарить
H7034	незначительный
H7037	сковорода
H7039	поджаренный хлеб
H7040	Каллай
H7041	Келаия
H7042	Клита
H7043	уменьшиться | проклинать | проклясть
H7045	проклятие
H7049	метнул из пращи | метнёт как камень
H7050	занавес | будут занавесы | были занавесы
H7053	вилы
H7054	жатва
H7055	Кемуила
H7058	мука
H7062	горсть
H7064	комната | гнездо
H7065	завидовать
H7066	купить
H7067	ревновать | ревнивый
H7069	купить | приобрести | владеть
H7070	ветвь
H7071	Кан
H7072	ревнивый
H7073	Кеназ | Кеназа
H7074	кенезеев | кенезей | кенезею
H7075	имение | приобретение | имущество
H7076	корица
H7080	прорицатель | погадать | просить
H7081	колдовство
H7084	Кеиль | Кеиля | Кеила
H7086	блюдо
H7087	затвердеть
H7093	конец | окончание
H7095	основание
H7097	конец | край
H7098	конец
H7101	командир
H7104	Кециц
H7105	жатва
H7107	разгневаться | разозлиться | озлобиться
H7109	гнев
H7110	гнев
H7112	вырезать
H7114	жнец | жать | пожинать
H7115	нетерпение
H7117	конец
H7120	холод
H7121	назвать | позвать
H7122	навстречу | случиться | встречать
H7123	быть | прочитать | была прочитана
H7124	куропатка
H7125	навстречу | встречать
H7126	приближаться | приблизиться | подойти
H7127	принести | приносить
H7131	приближаться
H7133	жертва | приношение
H7134	топор
H7136	случиться | покрыли их доски | осуществить
H7138	близкий | сосед | приближённый
H7140	а | лёд
H7141	Корея
H7145	кореитов
H7149	город | этот | и
H7150	проповедь
H7152	Кириаф хецрон
H7153	Кириаф арбу | Кириаф арбе | Кириаф арба
H7154	Кириаф ваал | Кириаф ваала
H7156	Кириафаиме | Кириафаим
H7157	Кириаф иарима | Кириаф иарим | Кириаф иариму
H7158	Кириаф сефер | Кириаф санна
H7160	сиять | засиять
H7161	рог
H7165	крючок | крючков
H7167	разорвать | чтобы | рваться
H7173	Каркае
H7175	брус
H7177	Карфу
H7178	Карфан
H7179	солома | жнивьё
H7181	внимательно слушать | прислушиваться
H7183	внимательный | внимательно
H7184	чаша
H7185	ожесточить | тяжелы были | жестокий
H7186	твёрдый | тяжёлый | сурово
H7191	Кишион
H7192	монета
H7193	кольчуга
H7194	привязать | сговориться | крепкий
H7197	собирать
H7198	лука | лук | радуга
H7199	лука
H7200	увидеть | видеть | смотреть
H7203	провидец
H7205	Рувим
H7206	рувимитам | рувимиты | рувимитов
H7208	Реум
H7210	видеть | вид
H7211	Реаии
H7216	Рамоф
H7217	глава
H7218	голова | глава | вершина
H7220	Рош
H7223	первый
H7225	начало | начатки | начаток
H7226	изголовье
H7227	много | большой | многий
H7229	великий
H7230	множество | много
H7231	размножаться
H7232	стрелять
H7233	десятка тысяч | десятки тысяч
H7235	умножить | размножаться | много
H7237	Раввой | Аравва
H7239	сорок | двадцать тысячи | шестьдесят
H7242	цепь
H7243	четвёртый | четверть
H7245	раввиф
H7251	четырёхугольным | четырёхугольный
H7253	четверть
H7254	Реветь
H7256	четвёртое поколение
H7257	лежать | затаиться
H7259	Ревекка
H7264	задрожать | ссориться | потревожить
H7265	прогневать
H7270	соглядатай | осмотреть
H7272	нога
H7273	пеший
H7275	побить
H7281	миг | мгновение
H7287	господствовать
H7290	спасть | спать
H7291	гнаться | погнаться | преследовать
H7298	корыто
H7300	будешь скитаться
H7304	было легче
H7305	место | освобождение
H7306	почувствовать | нюхать | будет ему приятный запах
H7307	дух | ветер
H7309	облегчение
H7311	поднять | поднимать | возвести
H7314	высота
H7321	закричать | кричать
H7323	побежать | посланник
H7324	вывести | опустошать | обнажить
H7326	бедный
H7327	Руфь
H7337	расширить | расшириться
H7339	площадь | улица
H7340	Рехов | Рехову
H7341	ширина
H7342	широкий | просторный | пространный
H7343	Раав
H7344	Реховоф | Реховофа
H7347	жёрнов
H7348	Рехум | Рехумом | Рехуму
H7349	милосердный | милостивый
H7350	издалёка | далёкий | вдали
H7352	далёкий
H7353	овечка
H7354	Рахиль
H7355	пожалеть
H7356	милость | любовь | утроба
H7358	утроба
H7363	двигаться
H7364	помыть | омыть | омовение
H7368	далеко | далёкий | отдалиться
H7378	ссориться | спорить | упрекать
H7379	спор | упрёк
H7381	запах | мы
H7384	Рифат
H7386	пустой | была пустой
H7387	пустые руки | пустой | но
H7388	слюна
H7390	нежный | были слабыми
H7392	всадник | ехать
H7393	колесница
H7394	Рехава
H7399	имущество | вещь
H7402	торговец
H7403	Рахале
H7405	привязать
H7408	приобрести
H7409	быстрый
H7410	Арам
H7411	обмануть | бросить
H7412	облагать
H7413	возвышенность
H7414	Рама
H7415	червь
H7416	гранатина | гранатины | гранатинами
H7417	Риммон | Риммону
H7418	Рамофе | Негева
H7420	копьё
H7422	Рамаия
H7424	особо выращенных
H7430	передвигаться | пресмыкаться
H7431	пресмыкаться | передвигаться
H7432	ремеф
H7433	Рамоф
H7434	Рамаф мицфы
H7436	Рамафаим цофима
H7449	Ресен
H7451	зло | злой | плохой
H7452	шуметь
H7453	ближний | другой | друг
H7455	худой | зло | печаль
H7456	голодать
H7457	голодный
H7458	голод
H7459	голод
H7460	трепетать
H7461	трепет
H7462	пастух | пасти | пас
H7466	Рагава | Рагав
H7467	Рагуила | Рагуил | Рагуилу
H7468	ближний | другой
H7470	воля | и
H7473	пастух
H7480	Реелаем
H7481	раздражать | будет греметь | прогреметь
H7484	Раама | Раамы
H7485	Раамией
H7486	Раамсес | Раамсеса
H7492	сокрушить
H7495	врач | полностью вылечит | исцелить
H7497	рефаимов | рефаима
H7503	ленивый | отпустить | бросить
H7508	Рефидиме | Рефидима
H7509	Рефаия
H7521	принять | угодить | любимый
H7522	воля | быть угодными | желание
H7523	убийца | убивать
H7526	Рецина
H7527	проколоть
H7531	возвышение
H7533	биться | притеснить | притеснять
H7534	худой | и | плохой
H7535	только
H7542	Ракон
H7543	составляющая смесь | составит смесь
H7545	смесь
H7546	парфюмер
H7548	составительницы мастей
H7549	свод
H7550	тонкая лепёшка
H7551	мастер узоров
H7552	Рекема | Рекем
H7554	выковать
H7557	Раккаф
H7558	разрешение
H7561	обвинить | делал хуже | злой
H7562	зло
H7563	безбожный | злой | неправый
H7568	сетка
H7579	водонос | набирать вода | набрала вода
H7583	удивлённо смотрел
H7585	Шеол | Преисподняя
H7586	Саул
H7592	спросить | просить | спрашивать
H7593	спросить | мы | потребовать
H7594	Шеал
H7596	прошение | просьба
H7597	Салафиила
H7598	Салафиила
H7603	закваска
H7604	остаться | оставить
H7607	пища
H7611	остаток | остальной
H7613	возвышение | достоинство
H7614	Шева
H7617	взят в плен | пленница | взяли в плен
H7618	агат
H7620	неделя | седмица
H7621	клятва | от | давали клятва
H7625	племя
H7626	племя
H7628	плен | пленник
H7630	Шовая
H7633	плен
H7637	седьмой
H7641	колос
H7643	Сивма
H7645	Шевания | Шевании
H7646	досыта | насытиться | наесться
H7647	изобилие
H7648	досыта | наесться
H7649	насыщенный | сытый
H7650	поклясться | клясться
H7651	семь | семьсот
H7652	Шева
H7655	семь
H7656	Шива
H7657	семьдесят
H7659	семь разы
H7660	вставить | соткать
H7662	оставьте в покой
H7663	осмотреть | ждать | надеяться
H7665	разбить | сломать | будет повреждено
H7666	купить | покупать | продавать
H7668	зерно
H7671	Севарима
H7673	прекратить | будешь прекращать | прекратиться
H7674	прекращение работы
H7675	жилище
H7676	суббота | субботний
H7677	отдых | покой
H7678	Шавфай | Шавтай
H7680	увеличивать
H7684	ошибка
H7686	ошибаться
H7690	много
H7694	царица
H7696	сумасшедший | безумствовать
H7698	перворождённый
H7699	грудь
H7703	грабитель
H7704	поле
H7706	Всемогущий | Бог всемогущий
H7708	Сиддим
H7710	опалить
H7716	ягнёнок | овца
H7718	оникс
H7723	напрасно | неправдивый | лживый
H7725	вернуться | возвратиться | вернуть
H7732	Шовал | Шовала
H7733	Шовек
H7737	подобать | польза | стоить
H7740	Шаве
H7742	поразмышлять
H7744	Шуаха
H7755	Сохо | Сокхофе | Сокхофом
H7757	подол
H7760	поставить | положить
H7761	дать | даваться | издать
H7764	Шуни
H7766	Сунуть | Сонаме
H7768	закричать
H7770	Шуа | Шуя
H7775	крик
H7776	лисица
H7777	Суаль
H7778	сторож ворот | сторожа ворот
H7779	поразить
H7782	труба
H7785	плечо | голень
H7791	стена
H7792	стена
H7793	Сура | Суром
H7794	вол | бык
H7800	Сузах | Сузы
H7801	сусанцы
H7806	кручёный
H7810	взятка
H7812	поклониться | поклоняться
H7818	выжать
H7819	заколоть | резать
H7822	воспаление
H7827	ониха
H7831	Шагациме
H7832	веселиться
H7833	истолочь
H7837	заря | рассвет
H7843	уничтожить
H7845	ям
H7848	акация
H7850	плеть
H7851	Ситтима
H7852	возненавидеть | ненавидеть
H7854	противник
H7855	обвинение
H7856	Ситный
H7860	надзиратель | начальник
H7866	Шион
H7867	поседелый
H7868	старейшина | у
H7872	седина | старость
H7879	тревога
H7880	куст
H7883	Сихора
H7884	Шихор ливнафу
H7886	Шило
H7887	Силоме | Сило | Силома
H7891	певец
H7892	песня
H7896	положить | назначить | ставить
H7901	лечь | переспать | лежать
H7902	лежать
H7906	Сефе
H7910	пьяный
H7911	забыть | забыться
H7912	найти | было обнаружено | был найден
H7916	наёмник
H7918	утихнуть | уменьшиться
H7919	разумный | мудрость | осознанно положил
H7921	ребёнок | лишусь дети | лишиться
H7922	ум | умный | смысл
H7925	встать | встал рано | встань рано
H7926	плечо | участок | спина
H7927	Сихем | Сихема | Сихеме
H7928	Шехема
H7931	жить | будет жить | опуститься
H7932	поселить
H7934	соседка | сосед
H7935	Шехании | Шехания
H7936	нанять | верно | наниматься
H7937	опьянеть | пьянеть | будешь пьяной
H7939	плата | награда
H7941	крепкий напиток
H7942	Шикарону
H7947	соединять
H7950	снег
H7956	Шела | Шеле
H7958	перепел
H7960	быть небрежными | непременно
H7964	отпустить
H7965	мир | состояние
H7967	Шаллума | Шаллум
H7968	Шаллум
H7969	три | триста
H7970	тридцать
H7971	послать | отпустить | протянуть
H7972	послать | прислать | отправить
H7973	оружие
H7974	Сало | Салы
H7975	Село
H7978	Шелихим
H7979	стол
H7980	овладеть | властвовать
H7989	правитель
H7990	править | разрешаться
H7991	начальник | кимвал
H7992	третий
H7993	бросить | бросать
H7997	откидывать
H7998	добыча | имущество
H7999	заплатить | плата | будет он платить
H8000	закончить | поставить
H8001	мир
H8002	мирный | мирная жертва | жертва мирная
H8003	исполниться | благополучно | мирный
H8004	Салим
H8006	Шиллем
H8008	одежда
H8009	Салмона
H8010	Соломон
H8012	салмон
H8014	Шамлая | Салмая
H8018	Шелемия | Шелемиягу | Шелемии
H8019	Шеломиф
H8023	Шилония
H8025	вытащить | снимать | снять
H8026	Шалефа
H8027	трёхлетний | третий день
H8029	третий | третье поколение
H8031	Шалишу
H8032	третий день | вчера и третий день | позавчера
H8033	там | оттуда | туда
H8034	имя
H8035	Сим | Сие
H8036	имя | именовать
H8038	Шемевера
H8040	налево | слева | левая рука
H8041	налево
H8045	истребить | уничтожить
H8048	Шамма | Самму | Самма
H8050	Самуил
H8051	Шаммуя | Шаммуй
H8052	ведать
H8055	радоваться | обрадоваться | обрадовать
H8056	весёлый | радостный
H8057	радость
H8058	оставляй её непаханой
H8061	Шемиды
H8064	небо
H8065	небо
H8066	восьмой
H8069	Шамир
H8071	одежда
H8072	Самла
H8074	разбитый | поражать
H8077	запустелый | опустошить
H8080	толстеть
H8081	масло | оливковое масло
H8082	насыщенный | богат будет
H8083	восемь | восемьсот | восемнадцать
H8084	восемьдесят
H8085	услышать | послушать | слышать
H8087	Шема
H8088	ведать | слух
H8089	слава
H8090	Шема
H8095	Симеон
H8096	Шимей | Шимеи | Семея
H8098	Шемаия | Шемаии
H8099	Симеон
H8103	смех
H8104	хранить | сохранить
H8107	бодрствование
H8110	Шимрон | Шимрона
H8111	Самария
H8112	Шимрон мерона
H8114	Шемария
H8115	Самария | Мир
H8121	солнце
H8124	и | шимшай | шимшаю
H8127	зуб | глыба
H8129	Сено
H8130	ненавидеть
H8133	изменить
H8134	Шинава
H8138	отличаться | повторение | изменить
H8140	год | в
H8141	год
H8142	сон
H8144	ала ткани | алые нити | алая ткань
H8145	второй
H8147	два | двенадцать | оба
H8152	Сенаара | Сенаар
H8154	грабить
H8155	пограбить
H8156	удержать
H8158	изрубить
H8159	посмотреть | обращают внимание
H8163	волосатый | козёл
H8165	Сеир | Сеира | Сеиру
H8169	шаалаввин
H8171	Шаалим
H8172	прилечь
H8179	ворота
H8180	стократно
H8181	волосистый | волос
H8184	ячмень
H8185	волос
H8189	Шаараим | Шаарим
H8190	Шаазгаза
H8193	край | берег | язык
H8195	Шефо
H8198	рабыня | служанка
H8199	судить | судья
H8200	правитель
H8201	суд
H8203	Сафатии | Сефатии
H8207	ядовитая змея
H8210	вылить | проливать | будет пролита
H8213	унижать
H8219	низменность | шефела
H8224	Шифмофе
H8233	прекрасный
H8236	Шифр
H8242	траурная одежда | мешок
H8245	бодрствовать
H8246	вид цветка миндаля
H8247	миндаль
H8248	напоить | орошать | напеть
H8252	успокоиться
H8254	отвесить | взвесив отдал | взвесив дал
H8255	шекелей | шекель | шекелями
H8259	посмотреть | выглянуть | обратить
H8266	обмануть | будет обманывать
H8267	лживый | ложный | зря
H8268	поилка
H8269	начальник | правитель
H8271	начать
H8274	Шеревия | Шеревию
H8275	скипетр
H8277	выжить
H8278	служебный
H8280	бороться
H8282	княгиня
H8283	Сарра
H8286	Серуха | Серух
H8287	Шарухен
H8288	ремень
H8289	Шарон
H8294	Сера
H8297	Сара
H8298	Шарай
H8299	ветвь
H8300	выжить | уцелеть
H8301	Сарида
H8302	кольчуга | доспех
H8304	Сераия | Сераии | Сараием
H8313	сжечь
H8316	огонь
H8317	кишеть | множиться | множтесь
H8318	стая | роящиеся животные
H8321	наихорошая лоза
H8323	управлять
H8331	цепочка
H8332	изгнание
H8333	цепочка
H8334	служить | прислуживать | служба
H8336	белый лён
H8337	шесть | шестьсот
H8339	Шешбацару | Шешбацар
H8340	Шешбацаром | Шешбацар
H8342	веселие
H8343	Шашай
H8344	Шешая
H8345	шестой
H8346	шестьдесят
H8352	Сиф | Сифа
H8353	шестой
H8354	пить
H8360	питьё
H8361	шестьдесят | шесть
H8366	мочиться
H8367	чтобы | успокоиться | и
H8368	появиться
H8369	Шефар
H8370	Шефар | Бознай
H8378	приятно | желать
H8379	приятность
H8380	близнец
H8382	соединить
H8384	смоковница | смоква
H8387	Фаанаф силому
H8388	тянуться | мифоару
H8389	вид | фигура | внешность
H8392	ковчег
H8393	урожай | когда | жатва
H8394	понимание | рассудок
H8396	Фавор
H8398	вселенная
H8401	солома
H8403	образец | подобие
H8413	Фидала | Фидалом
H8414	ничтожный | безвидной
H8415	бездна
H8416	хвала
H8418	идти
H8421	прийти | ответить | вернуть
H8422	Тувал
H8423	Тувалкаина
H8425	Фогарма
H8426	благодарение | исповедание | признание
H8427	царапать
H8432	среди | середина | посреди
H8435	поколение
H8438	тёмно красной | тёмно красных | тёмно красную
H8439	Фол
H8441	мерзость
H8442	смятение
H8444	конец
H8447	очередь
H8449	горлица
H8450	быков
H8451	Закон
H8453	чужой | чужеземец
H8459	Тоху
H8462	начало | вначале | начинающий
H8467	милость
H8473	бронь
H8476	морские коровы
H8477	Тахаша
H8478	под | за
H8481	нижний
H8482	этаж | внизу | нижний
H8484	внутренний
H8485	Фема
H8486	юг | южный | фемана
H8487	Феман
H8489	феманитян
H8492	вино | молодое вино
H8494	Фирас
H8495	козлов
H8503	конец
H8504	голубой | голубая ткань
H8505	взвешиваться
H8506	положенное количество
H8509	мантия
H8510	груда | холм
H8513	трудность | страдание
H8518	повесить
H8519	роптание | роптать
H8521	Тела харши | Тело | Харши
H8522	колчан
H8526	Фалмая
H8528	Тела мелаха | Тело | Мелаха
H8532	три | третий
H8535	кроткий | соединить
H8536	там | куда | оттуда
H8537	невинность
H8539	удивляться
H8543	вчера
H8544	подобие
H8545	обмен
H8547	Фамаха
H8548	постоянно | постоянный
H8549	безупречный | совершенный | целый
H8550	туммимом | туммим
H8551	взять | поддерживать
H8552	закончиться | закончить | полностью
H8553	Фамну | Фимну | Фимна
H8555	Фимна
H8556	Фамнаф сараи
H8558	финиковые деревья | пальма
H8559	Фамарь | Фамари
H8562	притирание
H8571	мочка
H8573	приношение
H8574	печь | печный
H8577	змея | морские существа | драконий
H8582	бродить | повести | странствовать
H8584	доказательство
H8589	пост
H8590	Фаанаха | Фаанах
H8591	обманщик
H8593	ножны
H8596	бубен | бубна
H8597	нарядность | красота
H8599	Таппуах | Таппуаха
H8605	молитва
H8609	сшить
H8610	захватить | схватить | играть
H8615	верёвка | надежда
H8616	Фиквы
H8621	фекойцы
H8622	истечение | обернуться
H8624	сильный
H8628	затрубить | трубить | установить
H8633	власть | сила
H8634	Фарала
H8638	перевести
H8639	глубокий сон | крепкий сон
H8641	дар возношения | дары возношения | возношение
H8643	крик
H8646	Фарра | Фарры | Фарру
H8648	второй | двенадцать
H8652	сторож ворот
H8655	идол | идолопоклонство
H8656	Фирцы | Фирца
H8657	Фарра | Фарре
H8658	хризолит
H8659	Фарсис
H8660	тиршафа | тиршафой
H8665	вышитый
H8666	возвращаться
H8668	спасение
H8669	будет твоё влечение | влечение
H8670	подарок
H8671	девятый
H8672	девять | девятьсот
H8673	девяносто
H8674	Фафнай
